driverId,constructorId,gridPosition,finalPosition,q1,q2,q3,constructorPosition
1,1,2,1,99000.0,98000.0,98000.0,2
1,1,1,3,86000.0,85000.0,84000.0,1
1,131,1,3,76000.0,75000.0,75000.0,1
1,131,1,1,75000.0,74000.0,74000.0,1
1,131,6,12,81000.0,81000.0,81000.0,4
1,131,2,1,90000.0,90000.0,89000.0,1
1,131,1,2,74000.0,74000.0,74000.0,1
1,1,7,3,96000.0,95000.0,95000.0,1
1,1,5,7,86000.0,85000.0,84000.0,2
1,1,1,1,75000.0,74000.0,75000.0,3
1,1,1,1,106000.0,106000.0,107000.0,4
1,131,2,1,98000.0,97000.0,97000.0,1
1,131,1,6,82000.0,82000.0,82000.0,1
1,131,1,2,85000.0,84000.0,83000.0,1
1,131,1,3,91000.0,90000.0,89000.0,1
1,1,24,8,82000.0,82000.0,81000.0,2
1,1,3,5,76000.0,75000.0,74000.0,2
1,1,2,1,74000.0,74000.0,74000.0,2
1,1,2,4,83000.0,83000.0,82000.0,2
1,1,4,5,107000.0,106000.0,104000.0,2
1,1,3,5,92000.0,91000.0,90000.0,2
1,131,3,2,77000.0,77000.0,77000.0,3
1,131,7,5,91000.0,90000.0,90000.0,3
1,131,4,5,63000.0,63000.0,63000.0,1
1,131,2,1,93000.0,91000.0,91000.0,1
1,131,1,3,120000.0,109000.0,121000.0,2
1,1,8,5,92000.0,91000.0,91000.0,2
1,1,1,1,86000.0,85000.0,86000.0,1
1,1,4,2,95000.0,94000.0,96000.0,11
1,131,1,1,96000.0,95000.0,94000.0,1
1,131,1,2,82000.0,81000.0,80000.0,1
1,131,3,1,89000.0,88000.0,88000.0,1
1,131,3,3,81000.0,80000.0,87000.0,2
1,131,1,1,88000.0,86000.0,86000.0,1
1,1,3,3,90000.0,90000.0,92000.0,4
1,131,2,1,93000.0,92000.0,92000.0,1
1,131,1,1,88000.0,88000.0,87000.0,1
1,131,1,3,94000.0,93000.0,92000.0,1
1,131,5,6,102000.0,101000.0,101000.0,3
1,1,9,5,95000.0,94000.0,96000.0,1
1,1,1,5,79000.0,79000.0,80000.0,2
1,131,3,4,75000.0,75000.0,74000.0,1
1,131,1,1,68000.0,67000.0,67000.0,1
1,1,1,1,95000.0,94000.0,96000.0,2
1,1,1,3,106000.0,106000.0,107000.0,2
1,1,4,5,72000.0,71000.0,72000.0,2
1,1,4,3,86000.0,85000.0,86000.0,11
1,131,2,1,78000.0,77000.0,78000.0,1
1,131,1,1,78000.0,77000.0,76000.0,1
1,131,1,1,99000.0,97000.0,96000.0,1
1,131,2,1,92000.0,92000.0,91000.0,1
1,131,1,2,99000.0,101000.0,109000.0,1
1,131,10,2,93000.0,92000.0,108000.0,4
1,131,2,2,80000.0,79000.0,79000.0,1
1,131,2,2,71000.0,71000.0,71000.0,1
1,131,6,5,80000.0,79000.0,79000.0,4
1,1,9,6,95000.0,95000.0,98000.0,4
1,131,5,4,65000.0,65000.0,64000.0,4
1,131,1,2,81000.0,81000.0,81000.0,1
1,1,1,1,76000.0,75000.0,75000.0,11
1,131,2,2,77000.0,76000.0,76000.0,1
1,131,10,1,68000.0,68000.0,67000.0,1
1,131,1,7,79000.0,79000.0,78000.0,1
1,131,1,1,75000.0,75000.0,75000.0,1
1,131,1,2,76000.0,76000.0,75000.0,1
1,131,4,1,105000.0,105000.0,104000.0,1
1,131,1,3,92000.0,92000.0,91000.0,1
1,131,2,1,86000.0,85000.0,85000.0,1
1,1,1,1,72000.0,72000.0,72000.0,11
1,1,2,3,74000.0,74000.0,75000.0,11
1,131,1,1,96000.0,96000.0,94000.0,1
1,131,1,1,79000.0,79000.0,78000.0,1
1,131,1,1,71000.0,71000.0,70000.0,1
1,1,2,1,92000.0,90000.0,90000.0,2
1,1,2,4,81000.0,81000.0,79000.0,2
1,1,2,8,94000.0,93000.0,92000.0,2
1,131,1,1,76000.0,76000.0,76000.0,1
1,131,2,1,74000.0,74000.0,73000.0,1
1,1,5,4,92000.0,92000.0,94000.0,4
1,131,2,1,92000.0,92000.0,92000.0,1
1,131,1,1,93000.0,92000.0,92000.0,1
1,1,4,1,80000.0,80000.0,81000.0,5
1,1,1,2,98000.0,98000.0,99000.0,4
1,131,1,1,74000.0,73000.0,72000.0,1
1,131,2,1,89000.0,86000.0,85000.0,4
1,131,2,2,70000.0,70000.0,70000.0,1
1,131,2,1,101000.0,100000.0,100000.0,1
1,1,3,4,99000.0,97000.0,97000.0,2
1,1,10,4,93000.0,92000.0,92000.0,2
1,1,1,1,79000.0,79000.0,79000.0,11
1,131,2,2,86000.0,86000.0,85000.0,1
1,131,1,1,76000.0,76000.0,75000.0,1
1,131,1,1,102000.0,102000.0,101000.0,1
1,131,1,1,81000.0,81000.0,80000.0,1
1,131,1,1,88000.0,87000.0,87000.0,1
1,131,2,2,82000.0,83000.0,82000.0,1
1,1,9,5,93000.0,92000.0,92000.0,2
1,131,1,2,84000.0,83000.0,82000.0,2
1,131,1,1,93000.0,92000.0,91000.0,1
1,131,8,6,88000.0,87000.0,88000.0,4
1,131,8,6,76000.0,75000.0,75000.0,4
1,1,6,2,95000.0,94000.0,95000.0,1
1,1,1,1,81000.0,81000.0,80000.0,2
1,131,3,1,115000.0,114000.0,113000.0,4
1,131,10,5,104000.0,103000.0,121000.0,1
1,131,2,1,97000.0,97000.0,96000.0,1
1,131,1,1,85000.0,84000.0,84000.0,1
1,131,1,1,106000.0,106000.0,105000.0,1
1,1,4,3,115000.0,114000.0,115000.0,2
1,131,1,1,99000.0,99000.0,98000.0,1
1,131,2,2,70000.0,69000.0,68000.0,1
1,131,1,1,66000.0,66000.0,67000.0,1
1,131,1,1,90000.0,89000.0,89000.0,1
1,1,2,2,92000.0,91000.0,92000.0,11
1,1,4,2,81000.0,80000.0,81000.0,11
1,1,2,2,75000.0,75000.0,75000.0,11
1,131,1,1,99000.0,87000.0,86000.0,1
1,131,2,1,95000.0,93000.0,93000.0,1
1,131,1,1,115000.0,114000.0,113000.0,1
1,131,1,1,87000.0,86000.0,85000.0,1
1,1,2,5,87000.0,86000.0,87000.0,11
1,1,2,2,81000.0,81000.0,82000.0,11
1,1,4,4,106000.0,105000.0,106000.0,11
1,1,1,1,85000.0,84000.0,85000.0,11
1,131,2,2,90000.0,89000.0,88000.0,2
1,131,4,4,94000.0,93000.0,93000.0,1
1,131,1,1,80000.0,80000.0,79000.0,1
1,131,5,4,64000.0,63000.0,62000.0,1
1,131,1,1,78000.0,77000.0,79000.0,1
1,131,1,1,74000.0,74000.0,73000.0,1
1,131,8,4,65000.0,64000.0,64000.0,1
1,131,7,4,72000.0,71000.0,72000.0,4
1,131,3,3,72000.0,71000.0,71000.0,4
1,1,1,3,79000.0,79000.0,79000.0,11
1,1,5,5,75000.0,74000.0,74000.0,3
1,1,2,1,87000.0,87000.0,86000.0,1
1,1,1,1,75000.0,75000.0,75000.0,1
1,131,5,9,85000.0,86000.0,87000.0,2
1,1,4,4,87000.0,86000.0,85000.0,2
1,1,3,2,84000.0,82000.0,81000.0,2
1,1,9,6,75000.0,74000.0,75000.0,2
1,1,1,1,84000.0,84000.0,84000.0,2
1,1,8,8,107000.0,114000.0,113000.0,4
1,131,3,3,105000.0,103000.0,103000.0,1
1,131,2,1,94000.0,84000.0,80000.0,1
1,131,2,1,75000.0,74000.0,74000.0,1
1,131,1,1,104000.0,102000.0,102000.0,1
1,131,1,1,96000.0,94000.0,95000.0,1
1,131,9,7,90000.0,89000.0,89000.0,3
1,131,8,9,88000.0,88000.0,88000.0,4
1,131,7,9,89000.0,88000.0,88000.0,4
1,131,1,2,82000.0,82000.0,81000.0,2
1,131,6,2,78000.0,77000.0,77000.0,2
1,131,1,1,85000.0,85000.0,84000.0,1
1,1,2,1,97000.0,96000.0,95000.0,3
1,1,2,2,85000.0,84000.0,84000.0,2
1,1,2,8,96000.0,95000.0,94000.0,2
1,1,3,1,96000.0,94000.0,94000.0,2
1,131,5,8,70000.0,70000.0,71000.0,2
1,131,4,4,77000.0,76000.0,76000.0,1
1,1,3,4,86000.0,85000.0,85000.0,3
1,131,5,3,92000.0,91000.0,91000.0,2
1,131,5,2,93000.0,93000.0,92000.0,1
1,131,3,7,68000.0,68000.0,67000.0,1
1,131,1,1,95000.0,95000.0,94000.0,1
1,131,1,1,72000.0,72000.0,71000.0,1
1,131,1,5,101000.0,101000.0,100000.0,1
1,131,6,6,90000.0,89000.0,89000.0,3
1,131,6,1,101000.0,94000.0,99000.0,1
1,131,2,3,92000.0,91000.0,90000.0,1
1,131,11,5,84000.0,83000.0,82000.0,1
1,131,2,2,94000.0,93000.0,93000.0,1
1,1,3,10,99000.0,98000.0,97000.0,3
1,131,2,4,97000.0,96000.0,96000.0,1
1,131,8,3,66000.0,65000.0,73000.0,3
1,131,4,2,93000.0,92000.0,91000.0,3
1,131,6,5,80000.0,79000.0,79000.0,3
1,131,8,8,73000.0,72000.0,72000.0,3
1,131,7,4,103000.0,103000.0,102000.0,3
1,131,5,4,79000.0,79000.0,78000.0,2
1,131,2,1,93000.0,93000.0,92000.0,1
1,131,1,1,117000.0,119000.0,119000.0,1
1,1,3,2,98000.0,98000.0,97000.0,1
1,131,3,1,76000.0,75000.0,75000.0,1
1,131,4,3,93000.0,85000.0,82000.0,3
1,131,5,3,100000.0,101000.0,101000.0,3
1,131,3,2,105000.0,103000.0,103000.0,1
1,131,2,3,80000.0,79000.0,79000.0,1
1,131,2,5,98000.0,97000.0,97000.0,3
1,131,2,2,97000.0,96000.0,96000.0,1
1,131,7,2,78000.0,78000.0,78000.0,3
1,131,2,1,85000.0,85000.0,85000.0,1
1,131,1,9,72000.0,72000.0,71000.0,1
1,131,7,5,90000.0,90000.0,89000.0,2
1,131,2,1,102000.0,102000.0,101000.0,2
1,131,5,1,102000.0,100000.0,100000.0,1
1,131,1,2,91000.0,90000.0,90000.0,1
1,131,1,1,89000.0,87000.0,87000.0,1
1,131,1,1,94000.0,93000.0,93000.0,1
1,1,4,2,91000.0,91000.0,90000.0,1
1,131,3,6,85000.0,85000.0,84000.0,2
1,131,4,7,100000.0,100000.0,100000.0,2
1,131,5,4,97000.0,97000.0,97000.0,2
1,131,1,1,77000.0,77000.0,76000.0,1
1,131,3,3,72000.0,71000.0,71000.0,1
1,131,1,4,90000.0,91000.0,89000.0,2
1,131,9,5,93000.0,93000.0,92000.0,4
1,131,2,2,101000.0,101000.0,100000.0,1
1,131,2,1,77000.0,76000.0,76000.0,1
1,131,7,5,89000.0,89000.0,89000.0,3
1,131,5,3,92000.0,92000.0,91000.0,2
1,131,1,4,78000.0,77000.0,76000.0,2
1,131,3,4,118000.0,112000.0,107000.0,2
1,131,9,3,89000.0,88000.0,88000.0,2
1,131,4,4,93000.0,91000.0,91000.0,1
1,131,4,5,71000.0,71000.0,70000.0,1
1,131,1,1,91000.0,90000.0,90000.0,1
1,131,1,2,86000.0,86000.0,85000.0,2
1,131,3,1,76000.0,75000.0,74000.0,1
1,1,4,4,79000.0,78000.0,75000.0,2
1,1,2,2,100000.0,100000.0,99000.0,2
1,131,3,5,105000.0,96000.0,88000.0,4
1,131,4,3,97000.0,96000.0,111000.0,4
1,131,1,3,95000.0,95000.0,94000.0,4
1,131,8,6,81000.0,81000.0,80000.0,2
1,131,4,3,88000.0,87000.0,87000.0,1
1,131,19,5,82000.0,81000.0,81000.0,3
1,131,3,9,113000.0,112000.0,109000.0,3
1,131,6,5,90000.0,90000.0,90000.0,3
1,131,4,4,71000.0,71000.0,70000.0,3
1,131,1,1,77000.0,91000.0,95000.0,1
1,131,1,2,102000.0,101000.0,118000.0,1
1,131,3,1,80000.0,79000.0,79000.0,1
1,131,1,5,91000.0,90000.0,89000.0,2
1,131,1,1,80000.0,79000.0,79000.0,2
1,131,3,6,90000.0,89000.0,89000.0,4
1,131,2,2,86000.0,85000.0,84000.0,1
1,131,6,4,77000.0,76000.0,76000.0,4
1,131,1,1,93000.0,93000.0,92000.0,1
1,131,3,2,79000.0,78000.0,78000.0,3
1,131,2,2,73000.0,71000.0,72000.0,3
1,131,5,8,65000.0,65000.0,64000.0,2
1,131,7,3,89000.0,88000.0,87000.0,2
1,131,5,5,104000.0,103000.0,103000.0,3
1,1,6,4,75000.0,74000.0,74000.0,1
1,1,2,1,116000.0,106000.0,105000.0,2
1,131,2,4,83000.0,76000.0,73000.0,4
1,131,2,3,83000.0,87000.0,85000.0,3
1,131,5,4,72000.0,72000.0,71000.0,3
1,131,4,2,72000.0,72000.0,72000.0,2
1,131,1,1,71000.0,70000.0,70000.0,1
1,131,2,1,71000.0,71000.0,70000.0,1
1,131,1,1,90000.0,89000.0,88000.0,1
1,131,3,2,96000.0,95000.0,94000.0,3
1,131,1,1,98000.0,98000.0,98000.0,1
1,131,5,3,77000.0,76000.0,75000.0,4
1,131,2,2,100000.0,100000.0,100000.0,1
1,131,2,2,64000.0,64000.0,64000.0,2
1,131,4,4,64000.0,64000.0,64000.0,2
1,131,3,1,74000.0,74000.0,73000.0,1
1,1,4,2,97000.0,96000.0,96000.0,2
1,131,1,1,98000.0,96000.0,95000.0,1
1,131,1,1,84000.0,83000.0,83000.0,1
1,131,7,7,71000.0,71000.0,71000.0,2
1,131,2,15,101000.0,101000.0,101000.0,2
1,1,2,3,104000.0,104000.0,105000.0,1
1,1,1,12,78000.0,77000.0,78000.0,2
1,131,1,1,108000.0,108000.0,107000.0,1
1,131,1,2,72000.0,69000.0,68000.0,1
1,1,3,1,75000.0,75000.0,75000.0,2
1,1,1,3,97000.0,97000.0,96000.0,1
1,1,1,2,97000.0,96000.0,95000.0,2
1,131,2,1,86000.0,86000.0,86000.0,2
1,131,6,1,127000.0,112000.0,112000.0,1
1,1,2,2,98000.0,97000.0,99000.0,2
1,131,2,2,91000.0,90000.0,90000.0,2
1,131,3,3,95000.0,95000.0,95000.0,1
1,1,13,10,75000.0,75000.0,76000.0,3
1,1,4,1,80000.0,79000.0,81000.0,3
1,1,5,3,81000.0,80000.0,82000.0,3
1,1,3,2,86000.0,86000.0,87000.0,3
1,131,0,9,103000.0,102000.0,102000.0,4
2,2,6,4,93000.0,91000.0,93000.0,1
2,2,9,9,81000.0,80000.0,82000.0,2
2,2,9,5,87000.0,87000.0,88000.0,2
2,2,8,2,78000.0,77000.0,79000.0,2
2,2,5,2,85000.0,85000.0,87000.0,3
2,2,9,6,105000.0,104000.0,105000.0,3
2,2,5,6,95000.0,94000.0,96000.0,2
2,2,5,2,81000.0,79000.0,81000.0,2
2,2,10,5,95000.0,96000.0,99000.0,3
2,2,3,5,105000.0,104000.0,106000.0,7
2,2,9,7,81000.0,80000.0,81000.0,5
2,2,6,6,73000.0,72000.0,73000.0,2
2,2,8,4,87000.0,86000.0,87000.0,5
2,4,6,3,97000.0,96000.0,96000.0,4
2,2,2,3,80000.0,80000.0,80000.0,2
2,2,6,4,88000.0,87000.0,88000.0,2
2,2,6,5,106000.0,105000.0,107000.0,2
2,2,8,7,96000.0,96000.0,98000.0,2
2,2,4,4,83000.0,82000.0,83000.0,2
2,2,9,6,80000.0,80000.0,80000.0,2
2,2,4,6,91000.0,91000.0,91000.0,2
2,4,9,7,87000.0,86000.0,86000.0,4
2,2,8,5,100000.0,100000.0,102000.0,6
2,2,5,4,93000.0,92000.0,93000.0,2
2,2,3,2,77000.0,75000.0,76000.0,2
2,2,5,4,95000.0,95000.0,96000.0,2
2,2,7,5,75000.0,75000.0,75000.0,2
2,2,4,6,91000.0,91000.0,92000.0,8
2,2,8,7,106000.0,105000.0,106000.0,5
2,2,9,8,91000.0,90000.0,91000.0,5
2,2,8,9,98000.0,97000.0,100000.0,3
2,2,5,2,107000.0,106000.0,108000.0,3
2,2,3,4,86000.0,85000.0,86000.0,2
2,2,9,5,96000.0,95000.0,97000.0,3
2,2,3,8,81000.0,81000.0,81000.0,5
3,3,7,3,86000.0,86000.0,88000.0,2
3,3,8,8,92000.0,92000.0,94000.0,4
3,131,7,12,86000.0,85000.0,85000.0,8
3,3,5,14,95000.0,95000.0,98000.0,8
3,3,5,10,77000.0,77000.0,78000.0,6
3,131,4,5,83000.0,88000.0,86000.0,3
3,131,2,1,91000.0,91000.0,90000.0,2
3,131,1,9,93000.0,92000.0,92000.0,4
3,131,4,4,121000.0,108000.0,122000.0,2
3,131,7,5,83000.0,83000.0,83000.0,4
3,131,7,5,108000.0,106000.0,106000.0,4
3,131,6,8,92000.0,91000.0,91000.0,3
3,131,6,6,84000.0,84000.0,84000.0,3
3,131,2,4,105000.0,103000.0,102000.0,3
3,131,1,1,96000.0,95000.0,95000.0,5
3,131,5,5,94000.0,93000.0,92000.0,5
3,131,5,6,125000.0,123000.0,110000.0,4
3,131,7,13,97000.0,96000.0,96000.0,9
3,131,6,7,83000.0,82000.0,83000.0,5
3,131,2,2,75000.0,75000.0,74000.0,5
3,3,9,8,80000.0,80000.0,82000.0,8
3,3,6,6,75000.0,74000.0,75000.0,7
3,3,9,5,87000.0,87000.0,89000.0,6
3,3,3,11,107000.0,106000.0,108000.0,6
3,3,9,9,93000.0,93000.0,95000.0,8
3,3,10,8,105000.0,105000.0,107000.0,6
3,131,6,6,99000.0,98000.0,98000.0,5
3,131,7,7,99000.0,98000.0,98000.0,5
3,131,9,6,94000.0,92000.0,92000.0,4
3,131,6,11,74000.0,73000.0,73000.0,5
3,131,6,4,106000.0,105000.0,105000.0,1
3,131,1,2,93000.0,92000.0,92000.0,1
3,3,4,8,95000.0,94000.0,95000.0,5
3,3,5,6,85000.0,85000.0,86000.0,4
3,131,1,1,80000.0,80000.0,79000.0,1
3,131,1,1,71000.0,72000.0,71000.0,1
3,131,2,1,86000.0,84000.0,84000.0,1
3,131,2,1,91000.0,90000.0,89000.0,1
3,131,1,1,97000.0,96000.0,95000.0,1
3,131,9,4,100000.0,100000.0,100000.0,4
3,131,6,4,97000.0,96000.0,112000.0,4
3,131,1,6,81000.0,81000.0,80000.0,4
3,131,1,1,84000.0,76000.0,73000.0,4
3,131,2,5,73000.0,73000.0,72000.0,1
3,131,1,1,103000.0,102000.0,102000.0,1
3,131,1,2,98000.0,96000.0,96000.0,1
3,131,2,2,99000.0,98000.0,98000.0,1
3,131,1,1,101000.0,100000.0,100000.0,1
3,131,1,1,70000.0,70000.0,70000.0,1
3,131,2,2,88000.0,87000.0,86000.0,1
3,131,1,1,96000.0,95000.0,95000.0,1
3,131,2,7,74000.0,74000.0,73000.0,1
3,131,5,6,75000.0,74000.0,74000.0,5
3,131,2,2,71000.0,71000.0,70000.0,1
3,3,9,9,76000.0,75000.0,76000.0,4
3,3,7,10,77000.0,76000.0,76000.0,4
3,3,10,10,93000.0,92000.0,94000.0,5
3,131,6,4,66000.0,66000.0,68000.0,1
3,131,2,3,90000.0,89000.0,89000.0,1
3,131,5,5,115000.0,114000.0,115000.0,3
3,131,6,5,84000.0,84000.0,84000.0,3
3,131,1,1,77000.0,77000.0,76000.0,1
3,131,2,2,85000.0,84000.0,84000.0,1
3,3,9,9,100000.0,100000.0,102000.0,7
3,131,4,7,98000.0,98000.0,97000.0,3
3,131,5,3,91000.0,91000.0,90000.0,4
3,131,2,2,85000.0,85000.0,84000.0,2
3,131,3,3,101000.0,100000.0,100000.0,2
3,131,3,2,117000.0,119000.0,120000.0,1
3,131,10,6,76000.0,76000.0,76000.0,4
3,131,3,1,92000.0,102000.0,104000.0,2
3,131,6,7,84000.0,84000.0,84000.0,5
3,131,3,5,87000.0,85000.0,85000.0,5
3,131,2,1,82000.0,81000.0,81000.0,1
3,131,2,3,94000.0,93000.0,93000.0,1
3,131,1,2,93000.0,82000.0,79000.0,1
3,131,1,4,75000.0,74000.0,74000.0,1
3,131,1,1,108000.0,106000.0,106000.0,1
3,131,1,1,105000.0,103000.0,102000.0,1
3,131,2,2,96000.0,96000.0,95000.0,1
3,131,2,2,79000.0,79000.0,78000.0,1
3,3,8,7,88000.0,87000.0,88000.0,4
3,3,8,6,83000.0,82000.0,84000.0,4
3,3,4,7,80000.0,80000.0,80000.0,4
3,131,3,1,69000.0,68000.0,68000.0,1
3,131,1,1,91000.0,90000.0,90000.0,1
3,131,4,3,95000.0,95000.0,94000.0,4
3,131,1,1,77000.0,76000.0,75000.0,1
3,131,1,2,76000.0,75000.0,74000.0,1
3,131,1,4,85000.0,83000.0,82000.0,1
3,131,1,2,127000.0,126000.0,125000.0,1
3,131,2,3,112000.0,107000.0,110000.0,4
3,131,2,2,100000.0,99000.0,99000.0,1
3,3,10,4,73000.0,72000.0,73000.0,4
3,131,4,5,95000.0,95000.0,94000.0,5
3,131,2,5,85000.0,86000.0,87000.0,2
3,131,2,2,86000.0,86000.0,85000.0,1
3,131,6,7,75000.0,74000.0,74000.0,4
3,131,6,5,87000.0,87000.0,86000.0,4
3,131,1,2,95000.0,93000.0,93000.0,1
3,131,4,2,116000.0,115000.0,115000.0,1
3,3,5,6,106000.0,106000.0,107000.0,4
3,131,2,1,76000.0,75000.0,75000.0,1
3,131,2,2,75000.0,74000.0,74000.0,1
3,131,7,6,101000.0,99000.0,99000.0,4
3,3,9,8,98000.0,98000.0,100000.0,7
3,131,3,3,94000.0,93000.0,93000.0,1
3,131,1,1,86000.0,85000.0,84000.0,1
3,3,7,5,79000.0,78000.0,80000.0,5
3,131,3,3,99000.0,99000.0,110000.0,1
3,131,2,2,98000.0,96000.0,95000.0,1
3,3,5,4,80000.0,80000.0,81000.0,6
3,3,7,5,99000.0,98000.0,100000.0,6
3,131,2,8,82000.0,82000.0,82000.0,1
3,131,2,2,108000.0,107000.0,107000.0,1
3,131,2,1,70000.0,68000.0,68000.0,1
3,131,2,2,93000.0,92000.0,92000.0,1
3,3,8,2,105000.0,104000.0,106000.0,8
3,131,7,8,98000.0,97000.0,97000.0,4
3,131,7,6,86000.0,85000.0,85000.0,4
4,117,10,8,76000.0,76000.0,77000.0,5
4,6,8,1,98000.0,97000.0,97000.0,3
4,4,3,8,75000.0,75000.0,76000.0,7
4,117,5,6,89000.0,89000.0,88000.0,5
4,6,6,5,98000.0,97000.0,96000.0,3
4,6,9,2,120000.0,108000.0,123000.0,3
4,6,1,1,106000.0,105000.0,105000.0,3
4,117,5,3,91000.0,90000.0,90000.0,2
4,6,9,3,92000.0,91000.0,90000.0,3
4,6,3,8,92000.0,93000.0,92000.0,3
4,6,4,3,92000.0,91000.0,91000.0,3
4,6,3,1,97000.0,96000.0,95000.0,3
4,4,7,4,80000.0,79000.0,81000.0,5
4,117,9,7,89000.0,88000.0,87000.0,3
4,117,2,2,72000.0,72000.0,71000.0,2
4,6,3,14,90000.0,90000.0,90000.0,3
4,6,2,1,74000.0,74000.0,73000.0,3
4,6,3,2,81000.0,80000.0,79000.0,3
4,6,6,7,83000.0,76000.0,74000.0,2
4,6,6,2,83000.0,88000.0,86000.0,2
4,6,5,5,80000.0,80000.0,79000.0,3
4,4,10,10,92000.0,92000.0,95000.0,6
4,6,5,4,107000.0,105000.0,104000.0,3
4,6,1,1,82000.0,82000.0,81000.0,3
4,6,8,4,92000.0,91000.0,91000.0,2
4,6,5,2,84000.0,84000.0,84000.0,2
4,6,7,2,105000.0,104000.0,103000.0,2
4,214,14,7,96000.0,95000.0,95000.0,4
4,6,8,4,90000.0,89000.0,91000.0,3
4,4,8,4,96000.0,96000.0,99000.0,5
4,117,8,7,81000.0,81000.0,81000.0,5
4,6,7,3,97000.0,97000.0,97000.0,2
4,117,8,9,83000.0,83000.0,83000.0,5
4,117,6,4,101000.0,101000.0,101000.0,2
4,4,5,1,90000.0,90000.0,90000.0,1
4,117,2,2,81000.0,79000.0,87000.0,3
4,4,3,2,87000.0,86000.0,87000.0,1
4,4,1,2,104000.0,103000.0,104000.0,1
4,117,2,3,88000.0,87000.0,87000.0,2
4,117,2,3,89000.0,88000.0,88000.0,2
4,117,4,3,77000.0,77000.0,77000.0,2
4,214,17,5,73000.0,71000.0,72000.0,4
4,6,5,2,101000.0,99000.0,99000.0,3
4,117,7,6,103000.0,102000.0,102000.0,5
4,6,5,4,73000.0,72000.0,72000.0,3
4,6,5,3,116000.0,115000.0,115000.0,4
4,1,4,2,95000.0,95000.0,96000.0,11
4,117,9,14,90000.0,85000.0,88000.0,5
4,4,8,10,87000.0,87000.0,89000.0,7
4,214,8,6,102000.0,102000.0,102000.0,7
4,6,3,3,86000.0,85000.0,84000.0,3
4,4,8,6,99000.0,98000.0,100000.0,7
4,6,4,3,84000.0,83000.0,82000.0,3
4,4,4,1,78000.0,77000.0,78000.0,4
4,4,1,1,74000.0,73000.0,73000.0,1
4,214,2,9,92000.0,84000.0,81000.0,5
4,214,7,5,101000.0,102000.0,102000.0,5
4,1,4,3,72000.0,72000.0,72000.0,11
4,4,4,1,92000.0,91000.0,91000.0,1
4,6,5,2,86000.0,84000.0,83000.0,3
4,1,9,10,101000.0,101000.0,101000.0,6
4,4,6,4,107000.0,106000.0,108000.0,5
4,6,7,2,76000.0,73000.0,73000.0,2
4,4,7,2,95000.0,93000.0,95000.0,1
4,4,3,1,88000.0,85000.0,85000.0,1
4,214,7,7,73000.0,72000.0,72000.0,6
4,214,10,7,104000.0,103000.0,103000.0,5
4,6,6,2,101000.0,101000.0,101000.0,2
4,6,5,3,109000.0,107000.0,107000.0,3
4,117,3,7,95000.0,94000.0,94000.0,5
4,1,7,6,78000.0,77000.0,77000.0,9
4,117,6,9,90000.0,89000.0,89000.0,5
4,214,8,9,92000.0,91000.0,92000.0,5
4,6,5,6,96000.0,96000.0,95000.0,3
4,6,5,7,95000.0,95000.0,95000.0,3
4,6,5,2,86000.0,85000.0,85000.0,2
4,6,5,4,85000.0,85000.0,84000.0,3
4,1,9,7,105000.0,104000.0,104000.0,6
4,1,2,1,91000.0,90000.0,91000.0,11
4,4,7,8,95000.0,95000.0,98000.0,5
4,6,4,3,99000.0,97000.0,97000.0,2
4,6,5,3,87000.0,86000.0,85000.0,3
4,214,6,6,107000.0,105000.0,104000.0,5
4,1,6,4,80000.0,79000.0,79000.0,11
4,1,4,3,87000.0,86000.0,87000.0,11
4,6,7,6,77000.0,76000.0,75000.0,3
4,6,4,5,70000.0,69000.0,69000.0,3
4,6,4,4,118000.0,121000.0,120000.0,3
4,4,7,6,86000.0,86000.0,88000.0,7
4,1,1,1,81000.0,81000.0,81000.0,11
4,214,3,3,82000.0,81000.0,81000.0,5
4,6,3,4,95000.0,95000.0,94000.0,2
4,6,4,2,81000.0,81000.0,80000.0,2
4,6,7,6,88000.0,87000.0,87000.0,3
4,6,5,4,77000.0,77000.0,76000.0,3
4,6,7,5,78000.0,77000.0,77000.0,4
4,4,5,11,75000.0,74000.0,76000.0,6
4,117,5,2,81000.0,79000.0,71000.0,3
4,6,6,5,98000.0,97000.0,97000.0,3
4,6,5,6,98000.0,97000.0,98000.0,2
4,6,3,4,85000.0,84000.0,84000.0,1
4,6,5,4,106000.0,106000.0,105000.0,4
4,1,2,3,81000.0,80000.0,81000.0,11
4,6,8,11,85000.0,84000.0,85000.0,3
4,6,5,4,91000.0,102000.0,105000.0,3
4,117,8,7,73000.0,73000.0,73000.0,3
4,4,1,2,91000.0,90000.0,89000.0,1
4,4,1,1,75000.0,75000.0,74000.0,1
4,6,3,3,76000.0,75000.0,75000.0,3
4,6,4,8,98000.0,98000.0,98000.0,3
4,117,7,15,92000.0,91000.0,91000.0,4
4,117,10,8,90000.0,90000.0,90000.0,4
4,1,6,8,70000.0,69000.0,69000.0,9
4,117,6,6,73000.0,72000.0,72000.0,5
4,6,10,3,84000.0,84000.0,85000.0,3
4,6,1,1,76000.0,98000.0,100000.0,2
4,6,4,2,76000.0,74000.0,74000.0,3
4,117,4,6,85000.0,85000.0,84000.0,4
4,214,7,6,92000.0,92000.0,92000.0,4
4,4,5,2,83000.0,83000.0,83000.0,1
4,1,9,5,75000.0,75000.0,75000.0,7
4,6,7,6,100000.0,99000.0,99000.0,4
4,214,9,8,92000.0,91000.0,91000.0,7
4,6,4,2,92000.0,91000.0,90000.0,3
4,6,5,3,81000.0,80000.0,80000.0,3
4,6,3,5,74000.0,74000.0,74000.0,4
4,117,10,8,91000.0,86000.0,86000.0,5
4,6,8,6,71000.0,71000.0,70000.0,4
4,6,8,9,102000.0,101000.0,102000.0,4
4,1,10,10,72000.0,72000.0,72000.0,6
4,1,2,2,72000.0,71000.0,72000.0,11
4,1,3,2,79000.0,79000.0,80000.0,11
4,214,9,4,77000.0,76000.0,76000.0,5
4,6,1,2,106000.0,116000.0,111000.0,2
4,6,3,1,114000.0,114000.0,114000.0,1
4,1,1,1,76000.0,75000.0,75000.0,11
4,1,2,7,76000.0,75000.0,76000.0,11
4,1,4,5,93000.0,92000.0,93000.0,11
4,117,7,5,65000.0,65000.0,64000.0,3
4,4,1,1,81000.0,80000.0,80000.0,1
4,4,1,1,75000.0,74000.0,74000.0,1
4,4,5,5,72000.0,71000.0,72000.0,1
4,4,7,5,75000.0,74000.0,75000.0,1
4,6,3,1,96000.0,95000.0,94000.0,2
4,214,7,7,90000.0,90000.0,90000.0,4
4,214,3,5,106000.0,105000.0,105000.0,4
4,6,3,7,100000.0,100000.0,99000.0,3
4,4,4,2,71000.0,71000.0,71000.0,1
4,117,8,9,78000.0,77000.0,77000.0,3
4,117,9,5,118000.0,112000.0,107000.0,3
4,6,5,2,103000.0,96000.0,88000.0,1
4,6,5,1,82000.0,81000.0,81000.0,2
4,6,5,3,78000.0,79000.0,75000.0,3
4,4,3,2,76000.0,75000.0,75000.0,1
4,117,7,11,77000.0,76000.0,76000.0,5
4,6,4,7,130000.0,128000.0,127000.0,3
4,117,4,3,70000.0,70000.0,71000.0,5
4,117,10,9,82000.0,81000.0,81000.0,4
4,6,5,2,92000.0,91000.0,90000.0,3
4,6,2,2,83000.0,82000.0,82000.0,4
4,6,5,3,76000.0,75000.0,74000.0,3
4,6,8,4,124000.0,122000.0,111000.0,3
4,4,8,5,81000.0,80000.0,81000.0,5
4,1,2,1,94000.0,94000.0,95000.0,11
4,6,9,9,96000.0,95000.0,96000.0,3
4,4,4,4,95000.0,95000.0,96000.0,4
4,4,8,5,83000.0,83000.0,85000.0,8
4,4,5,3,107000.0,106000.0,109000.0,7
4,4,9,7,75000.0,75000.0,76000.0,6
4,6,6,6,98000.0,98000.0,97000.0,4
4,117,8,8,115000.0,114000.0,114000.0,5
4,6,4,2,99000.0,97000.0,97000.0,3
4,6,3,1,92000.0,91000.0,90000.0,3
4,4,7,8,93000.0,92000.0,94000.0,5
4,4,6,2,72000.0,72000.0,72000.0,4
4,1,2,2,86000.0,85000.0,86000.0,11
4,4,9,11,95000.0,94000.0,97000.0,4
4,6,6,5,82000.0,81000.0,81000.0,4
4,4,2,9,96000.0,95000.0,96000.0,6
4,6,3,3,86000.0,86000.0,87000.0,3
4,117,4,5,88000.0,88000.0,87000.0,5
4,117,9,9,94000.0,93000.0,93000.0,5
4,117,7,7,84000.0,84000.0,84000.0,5
4,1,3,3,106000.0,105000.0,106000.0,11
4,6,9,9,95000.0,94000.0,94000.0,5
5,1,3,5,75000.0,74000.0,76000.0,3
5,1,10,4,75000.0,75000.0,76000.0,3
5,1,2,1,79000.0,79000.0,81000.0,2
5,1,3,5,85000.0,85000.0,87000.0,1
5,1,6,8,91000.0,100000.0,93000.0,6
5,1,6,5,81000.0,80000.0,82000.0,5
5,1,2,4,98000.0,98000.0,99000.0,4
5,1,8,7,107000.0,106000.0,109000.0,4
5,1,4,8,75000.0,75000.0,76000.0,2
5,1,5,10,104000.0,104000.0,105000.0,1
5,1,8,3,95000.0,94000.0,96000.0,1
5,4,9,8,106000.0,106000.0,108000.0,3
5,4,7,6,88000.0,87000.0,88000.0,3
5,4,6,5,72000.0,72000.0,73000.0,3
5,1,5,5,93000.0,91000.0,93000.0,3
5,208,8,15,98000.0,98000.0,97000.0,4
5,1,2,2,95000.0,95000.0,97000.0,2
5,1,4,6,83000.0,83000.0,84000.0,4
5,4,7,7,83000.0,83000.0,84000.0,3
5,4,8,7,81000.0,81000.0,82000.0,3
5,1,7,9,77000.0,77000.0,79000.0,3
5,1,5,7,72000.0,71000.0,72000.0,2
5,1,5,4,98000.0,98000.0,99000.0,2
6,3,10,8,105000.0,104000.0,107000.0,8
6,3,9,9,81000.0,80000.0,82000.0,6
6,3,5,11,78000.0,78000.0,80000.0,5
7,5,9,7,106000.0,106000.0,108000.0,8
7,5,10,10,78000.0,78000.0,80000.0,6
7,5,10,10,98000.0,98000.0,100000.0,9
7,5,8,13,96000.0,95000.0,98000.0,6
8,208,8,9,75000.0,75000.0,75000.0,4
8,51,8,7,89000.0,89000.0,89000.0,4
8,6,5,5,98000.0,97000.0,96000.0,2
8,6,6,3,76000.0,75000.0,75000.0,2
8,6,4,3,68000.0,68000.0,67000.0,2
8,208,9,5,92000.0,91000.0,91000.0,4
8,6,3,3,77000.0,92000.0,96000.0,2
8,6,1,2,80000.0,79000.0,79000.0,2
8,1,2,5,72000.0,71000.0,71000.0,3
8,6,2,9,75000.0,75000.0,75000.0,1
8,6,7,5,86000.0,86000.0,86000.0,2
8,6,6,6,77000.0,76000.0,76000.0,2
8,6,3,4,76000.0,75000.0,75000.0,2
8,6,6,3,80000.0,79000.0,81000.0,1
8,6,4,3,86000.0,86000.0,87000.0,1
8,6,6,6,75000.0,74000.0,76000.0,1
8,6,6,9,87000.0,87000.0,88000.0,4
8,6,3,3,72000.0,71000.0,72000.0,1
8,6,3,3,102000.0,101000.0,101000.0,2
8,6,8,9,100000.0,99000.0,99000.0,4
8,6,7,14,95000.0,94000.0,96000.0,10
8,6,4,4,72000.0,72000.0,72000.0,2
8,6,10,6,93000.0,92000.0,95000.0,9
8,6,2,5,84000.0,83000.0,83000.0,2
8,208,7,1,105000.0,97000.0,88000.0,2
8,208,4,2,82000.0,81000.0,81000.0,3
8,6,4,2,92000.0,91000.0,93000.0,2
8,6,1,2,75000.0,75000.0,76000.0,1
8,1,1,2,81000.0,81000.0,81000.0,3
8,208,8,5,91000.0,91000.0,90000.0,4
8,208,8,2,93000.0,93000.0,93000.0,2
8,208,5,10,85000.0,76000.0,74000.0,3
8,208,6,2,80000.0,80000.0,79000.0,4
8,6,4,4,93000.0,93000.0,92000.0,2
8,6,4,5,89000.0,88000.0,89000.0,2
8,6,6,3,98000.0,98000.0,100000.0,3
8,6,7,2,81000.0,80000.0,82000.0,3
8,6,9,8,79000.0,78000.0,80000.0,4
8,6,3,3,106000.0,105000.0,104000.0,2
8,6,8,10,96000.0,95000.0,98000.0,9
8,6,5,5,91000.0,91000.0,90000.0,2
8,6,7,8,106000.0,106000.0,106000.0,4
8,6,1,1,86000.0,85000.0,86000.0,1
8,6,3,5,97000.0,96000.0,95000.0,2
8,6,3,3,96000.0,96000.0,96000.0,2
8,6,4,3,67000.0,66000.0,69000.0,2
8,6,3,3,93000.0,91000.0,93000.0,1
8,208,5,2,99000.0,98000.0,98000.0,3
8,208,6,5,107000.0,116000.0,113000.0,3
8,208,5,2,82000.0,81000.0,81000.0,3
8,6,3,3,95000.0,94000.0,95000.0,1
8,6,4,4,72000.0,72000.0,72000.0,1
8,6,3,1,74000.0,74000.0,75000.0,1
8,6,2,1,95000.0,95000.0,96000.0,1
8,6,3,3,87000.0,86000.0,85000.0,1
8,208,4,2,90000.0,89000.0,89000.0,4
8,6,2,3,92000.0,92000.0,91000.0,2
8,6,3,3,72000.0,72000.0,71000.0,2
8,6,4,4,72000.0,71000.0,71000.0,2
8,6,5,6,71000.0,71000.0,71000.0,2
8,6,6,3,91000.0,90000.0,91000.0,2
8,6,3,2,64000.0,63000.0,63000.0,1
8,51,5,12,73000.0,72000.0,72000.0,9
8,1,5,4,91000.0,90000.0,90000.0,3
8,1,9,5,76000.0,75000.0,76000.0,3
8,6,3,3,69000.0,69000.0,68000.0,2
8,1,3,3,75000.0,75000.0,75000.0,3
8,1,2,3,81000.0,80000.0,80000.0,3
8,208,10,7,96000.0,96000.0,112000.0,2
8,208,2,2,97000.0,95000.0,94000.0,3
8,6,4,5,76000.0,76000.0,76000.0,1
8,6,5,6,75000.0,75000.0,75000.0,3
8,6,5,4,104000.0,104000.0,103000.0,3
8,6,6,4,94000.0,93000.0,93000.0,3
8,6,4,4,83000.0,82000.0,82000.0,3
8,6,6,6,79000.0,79000.0,79000.0,3
8,208,7,6,92000.0,91000.0,92000.0,4
8,6,3,9,107000.0,107000.0,106000.0,3
8,6,3,2,87000.0,86000.0,87000.0,1
8,6,3,2,80000.0,80000.0,80000.0,1
8,208,10,3,75000.0,99000.0,105000.0,4
8,208,3,3,109000.0,108000.0,108000.0,3
8,208,7,5,85000.0,84000.0,84000.0,4
8,6,6,6,74000.0,73000.0,73000.0,2
8,6,4,4,104000.0,104000.0,104000.0,2
8,6,1,1,106000.0,105000.0,105000.0,1
8,6,5,3,82000.0,82000.0,83000.0,1
8,1,8,5,84000.0,83000.0,84000.0,2
8,1,4,2,87000.0,86000.0,85000.0,2
8,51,8,4,69000.0,68000.0,68000.0,8
8,208,7,7,86000.0,86000.0,86000.0,4
8,6,5,10,95000.0,94000.0,94000.0,5
8,6,4,7,73000.0,72000.0,72000.0,2
8,6,3,5,65000.0,65000.0,64000.0,2
8,6,2,3,100000.0,88000.0,87000.0,2
8,6,4,5,93000.0,92000.0,92000.0,2
8,6,4,6,100000.0,99000.0,99000.0,3
8,6,5,4,90000.0,89000.0,89000.0,1
8,6,2,3,94000.0,93000.0,93000.0,2
8,6,1,2,73000.0,72000.0,72000.0,1
8,6,8,5,91000.0,91000.0,90000.0,3
8,6,10,10,77000.0,76000.0,76000.0,3
8,6,8,10,70000.0,69000.0,70000.0,3
8,6,8,4,129000.0,128000.0,128000.0,3
8,6,4,4,84000.0,83000.0,83000.0,1
8,6,6,2,102000.0,102000.0,102000.0,1
8,6,5,3,95000.0,93000.0,93000.0,2
8,6,5,3,78000.0,77000.0,77000.0,2
8,1,6,5,76000.0,75000.0,76000.0,3
8,1,1,3,75000.0,74000.0,74000.0,3
8,6,5,4,97000.0,97000.0,96000.0,2
8,6,2,3,83000.0,82000.0,81000.0,1
8,208,9,2,98000.0,98000.0,98000.0,4
8,208,6,7,85000.0,85000.0,85000.0,4
8,6,3,3,85000.0,84000.0,85000.0,1
8,6,4,4,104000.0,103000.0,103000.0,2
8,6,5,5,98000.0,97000.0,97000.0,2
8,6,10,5,89000.0,89000.0,88000.0,2
8,6,2,2,77000.0,77000.0,76000.0,2
8,208,4,1,102000.0,101000.0,101000.0,4
8,208,5,5,98000.0,98000.0,97000.0,4
8,208,4,6,98000.0,97000.0,96000.0,4
8,6,3,1,73000.0,72000.0,72000.0,1
8,6,3,3,83000.0,83000.0,84000.0,3
8,6,6,4,97000.0,97000.0,97000.0,2
8,6,4,2,94000.0,93000.0,93000.0,2
8,6,2,3,75000.0,74000.0,74000.0,4
8,6,6,4,94000.0,93000.0,93000.0,2
8,6,5,8,99000.0,98000.0,98000.0,2
8,6,2,3,78000.0,77000.0,78000.0,1
8,6,2,3,95000.0,95000.0,96000.0,1
8,208,10,5,97000.0,96000.0,96000.0,5
8,6,6,1,105000.0,104000.0,106000.0,3
8,6,1,1,80000.0,80000.0,81000.0,1
8,6,5,6,83000.0,81000.0,80000.0,4
8,6,7,10,102000.0,102000.0,102000.0,4
8,6,5,4,91000.0,91000.0,92000.0,3
8,208,4,3,83000.0,82000.0,82000.0,3
8,6,5,2,83000.0,83000.0,83000.0,2
8,6,2,1,79000.0,79000.0,80000.0,1
8,6,4,2,91000.0,90000.0,90000.0,2
8,6,2,1,95000.0,94000.0,96000.0,3
8,6,2,1,94000.0,92000.0,92000.0,2
8,6,10,7,71000.0,71000.0,71000.0,4
8,208,4,14,96000.0,95000.0,95000.0,6
9,2,4,8,80000.0,79000.0,81000.0,3
9,2,8,2,83000.0,81000.0,80000.0,7
9,2,5,4,86000.0,86000.0,88000.0,2
9,2,8,6,107000.0,106000.0,108000.0,3
9,2,4,4,81000.0,80000.0,82000.0,2
9,2,4,2,95000.0,94000.0,96000.0,2
9,2,5,4,105000.0,104000.0,106000.0,7
9,2,4,11,104000.0,104000.0,105000.0,3
9,2,7,8,107000.0,106000.0,109000.0,8
9,2,6,2,78000.0,77000.0,78000.0,3
9,2,14,9,106000.0,105000.0,106000.0,2
9,2,6,6,93000.0,92000.0,93000.0,2
9,4,9,11,115000.0,114000.0,115000.0,7
9,2,5,4,80000.0,80000.0,80000.0,2
9,2,4,4,75000.0,75000.0,75000.0,2
9,2,5,4,81000.0,81000.0,82000.0,2
9,2,5,7,91000.0,91000.0,92000.0,2
9,2,6,5,83000.0,82000.0,83000.0,2
9,2,5,8,87000.0,87000.0,87000.0,2
9,2,7,5,80000.0,80000.0,80000.0,2
9,4,2,3,75000.0,74000.0,74000.0,5
9,4,7,8,82000.0,81000.0,81000.0,5
9,2,7,5,73000.0,72000.0,73000.0,2
9,4,8,5,96000.0,95000.0,95000.0,5
9,4,6,4,106000.0,106000.0,111000.0,5
9,4,7,6,87000.0,87000.0,87000.0,5
9,4,8,7,76000.0,75000.0,75000.0,5
9,4,6,5,98000.0,98000.0,98000.0,5
9,2,9,7,86000.0,85000.0,87000.0,2
9,4,3,3,116000.0,107000.0,106000.0,5
9,4,8,5,97000.0,97000.0,96000.0,5
9,2,1,3,92000.0,91000.0,93000.0,1
9,2,5,5,75000.0,75000.0,77000.0,2
9,2,10,7,87000.0,87000.0,89000.0,8
9,4,9,8,83000.0,82000.0,83000.0,5
9,2,10,8,98000.0,98000.0,100000.0,8
9,2,5,2,75000.0,75000.0,76000.0,3
9,2,7,7,75000.0,75000.0,76000.0,2
9,2,2,1,77000.0,77000.0,78000.0,2
9,2,9,9,72000.0,71000.0,72000.0,5
9,2,3,3,98000.0,98000.0,99000.0,3
9,2,6,3,82000.0,81000.0,82000.0,5
9,4,8,7,107000.0,106000.0,106000.0,5
9,4,9,2,85000.0,85000.0,85000.0,4
9,2,7,10,100000.0,100000.0,101000.0,6
10,7,6,2,107000.0,106000.0,109000.0,5
10,7,7,4,105000.0,104000.0,106000.0,5
10,7,19,4,85000.0,85000.0,86000.0,2
10,7,9,11,95000.0,96000.0,99000.0,4
10,7,7,10,105000.0,104000.0,106000.0,5
10,7,8,11,75000.0,75000.0,77000.0,5
10,7,3,3,94000.0,94000.0,95000.0,2
10,7,8,9,79000.0,78000.0,80000.0,3
10,7,10,6,72000.0,71000.0,74000.0,5
10,7,5,2,79000.0,79000.0,81000.0,4
10,7,2,7,93000.0,92000.0,93000.0,3
12,4,10,13,92000.0,95000.0,94000.0,7
12,4,10,6,80000.0,80000.0,82000.0,5
13,6,2,1,91000.0,91000.0,93000.0,2
13,6,7,5,74000.0,73000.0,73000.0,3
13,6,6,6,95000.0,96000.0,98000.0,1
13,6,2,1,106000.0,106000.0,107000.0,1
13,6,5,6,98000.0,97000.0,96000.0,3
13,6,6,5,77000.0,77000.0,79000.0,1
13,6,4,7,93000.0,91000.0,90000.0,3
13,6,6,5,101000.0,99000.0,99000.0,3
13,3,9,6,87000.0,86000.0,86000.0,3
13,6,2,3,74000.0,74000.0,75000.0,1
13,6,1,3,75000.0,75000.0,75000.0,1
13,6,2,3,76000.0,75000.0,75000.0,2
13,6,7,8,81000.0,80000.0,79000.0,3
13,6,2,1,75000.0,75000.0,76000.0,1
13,6,1,1,98000.0,97000.0,98000.0,1
13,6,1,1,70000.0,70000.0,70000.0,2
13,6,6,6,105000.0,104000.0,103000.0,2
13,6,1,2,90000.0,89000.0,89000.0,2
13,6,7,15,91000.0,91000.0,91000.0,3
13,6,1,1,87000.0,87000.0,86000.0,2
13,6,4,9,82000.0,81000.0,81000.0,1
13,6,10,7,121000.0,109000.0,124000.0,3
13,6,4,4,76000.0,75000.0,75000.0,2
13,6,6,4,118000.0,107000.0,106000.0,3
13,6,4,4,81000.0,80000.0,80000.0,3
13,6,3,2,75000.0,74000.0,74000.0,3
13,6,3,3,82000.0,82000.0,82000.0,3
13,6,4,4,84000.0,84000.0,84000.0,2
13,6,5,10,91000.0,91000.0,91000.0,2
13,3,9,7,69000.0,69000.0,69000.0,5
13,6,7,8,101000.0,100000.0,101000.0,3
13,6,3,2,74000.0,74000.0,74000.0,2
13,6,4,5,81000.0,80000.0,80000.0,2
13,6,10,5,76000.0,75000.0,77000.0,2
13,6,2,2,71000.0,71000.0,71000.0,2
13,6,3,3,91000.0,90000.0,90000.0,2
13,6,9,3,82000.0,81000.0,81000.0,2
13,6,4,15,93000.0,93000.0,93000.0,3
13,6,4,4,84000.0,83000.0,83000.0,3
13,6,4,4,104000.0,96000.0,88000.0,1
13,6,6,3,97000.0,96000.0,96000.0,3
13,6,6,10,100000.0,100000.0,100000.0,3
13,6,5,6,95000.0,95000.0,94000.0,2
13,6,2,5,97000.0,96000.0,110000.0,3
13,6,5,4,85000.0,85000.0,85000.0,3
13,3,7,8,98000.0,97000.0,98000.0,5
13,6,6,9,98000.0,98000.0,98000.0,2
13,6,5,11,98000.0,98000.0,98000.0,3
13,6,11,4,97000.0,96000.0,96000.0,2
13,6,8,7,101000.0,101000.0,101000.0,2
13,6,8,7,86000.0,85000.0,85000.0,3
13,6,7,5,96000.0,96000.0,96000.0,3
13,6,3,3,95000.0,95000.0,96000.0,1
13,6,6,6,86000.0,86000.0,85000.0,2
13,6,4,6,85000.0,85000.0,85000.0,1
13,6,1,2,72000.0,72000.0,71000.0,1
13,3,4,3,85000.0,85000.0,84000.0,3
13,6,3,6,74000.0,73000.0,73000.0,3
13,6,2,2,106000.0,105000.0,106000.0,1
13,3,1,4,70000.0,69000.0,68000.0,5
13,6,7,9,96000.0,95000.0,95000.0,2
13,6,4,5,79000.0,79000.0,80000.0,1
13,6,6,4,98000.0,98000.0,97000.0,2
13,6,5,3,76000.0,74000.0,72000.0,2
13,6,6,6,95000.0,95000.0,95000.0,3
13,6,9,6,82000.0,81000.0,81000.0,2
13,6,2,9,93000.0,92000.0,91000.0,3
13,6,8,7,87000.0,87000.0,87000.0,3
13,3,10,9,101000.0,100000.0,101000.0,5
13,6,4,4,74000.0,74000.0,74000.0,2
13,3,8,6,91000.0,90000.0,90000.0,5
13,3,7,7,95000.0,94000.0,94000.0,6
13,6,9,7,86000.0,87000.0,88000.0,3
13,3,7,6,85000.0,84000.0,84000.0,4
13,3,9,9,80000.0,80000.0,80000.0,5
13,3,6,5,86000.0,84000.0,84000.0,4
13,3,9,13,128000.0,128000.0,129000.0,4
13,6,1,1,87000.0,87000.0,87000.0,1
13,6,3,4,84000.0,84000.0,84000.0,3
13,6,1,2,75000.0,74000.0,75000.0,1
13,6,3,2,91000.0,90000.0,91000.0,1
13,3,10,10,107000.0,107000.0,108000.0,5
13,6,1,1,81000.0,80000.0,81000.0,1
13,6,3,3,76000.0,76000.0,75000.0,1
13,6,4,5,92000.0,91000.0,91000.0,3
13,6,6,10,75000.0,74000.0,74000.0,4
13,3,3,3,70000.0,70000.0,70000.0,3
13,3,3,4,89000.0,87000.0,87000.0,4
13,3,8,8,102000.0,102000.0,101000.0,3
13,6,1,1,92000.0,91000.0,92000.0,1
13,6,5,4,107000.0,116000.0,113000.0,2
13,6,5,5,91000.0,91000.0,90000.0,3
13,6,7,9,82000.0,81000.0,81000.0,4
13,6,5,5,98000.0,98000.0,97000.0,3
13,6,1,5,95000.0,94000.0,95000.0,1
13,3,4,5,97000.0,97000.0,97000.0,4
13,3,6,5,107000.0,106000.0,106000.0,3
13,6,2,2,115000.0,114000.0,114000.0,1
13,6,5,3,85000.0,85000.0,84000.0,1
13,3,5,10,105000.0,104000.0,104000.0,4
13,3,4,3,71000.0,69000.0,69000.0,3
13,6,5,4,75000.0,75000.0,75000.0,4
13,6,1,1,71000.0,71000.0,72000.0,1
13,3,4,4,97000.0,97000.0,97000.0,3
13,3,4,5,98000.0,97000.0,96000.0,3
13,6,4,6,80000.0,80000.0,80000.0,7
13,6,4,8,125000.0,124000.0,110000.0,3
13,6,5,7,78000.0,77000.0,78000.0,1
13,6,1,13,104000.0,104000.0,104000.0,2
13,6,7,6,75000.0,74000.0,75000.0,3
13,6,4,6,82000.0,81000.0,80000.0,3
13,6,6,6,84000.0,83000.0,83000.0,3
13,3,7,6,100000.0,101000.0,112000.0,3
13,3,5,3,85000.0,83000.0,83000.0,3
13,6,7,6,87000.0,87000.0,88000.0,4
13,3,3,4,94000.0,93000.0,93000.0,3
13,6,3,2,95000.0,95000.0,96000.0,1
13,3,8,12,83000.0,83000.0,83000.0,3
13,6,3,3,72000.0,72000.0,72000.0,1
13,3,4,7,94000.0,93000.0,93000.0,3
13,3,4,2,101000.0,101000.0,101000.0,3
13,3,7,6,81000.0,80000.0,80000.0,3
13,3,6,5,85000.0,85000.0,85000.0,3
13,6,1,1,85000.0,86000.0,87000.0,1
13,6,3,2,81000.0,80000.0,82000.0,1
13,6,8,3,91000.0,101000.0,94000.0,4
13,3,6,6,109000.0,108000.0,108000.0,3
14,9,7,3,75000.0,73000.0,76000.0,8
14,9,7,9,75000.0,75000.0,77000.0,4
14,9,10,13,75000.0,75000.0,77000.0,5
14,9,5,8,96000.0,96000.0,97000.0,5
14,9,9,5,82000.0,81000.0,82000.0,6
14,9,10,9,86000.0,86000.0,89000.0,5
15,7,3,4,95000.0,94000.0,96000.0,6
15,7,20,3,86000.0,85000.0,87000.0,2
15,7,9,7,93000.0,92000.0,94000.0,4
15,7,2,4,94000.0,93000.0,95000.0,2
15,7,1,3,92000.0,92000.0,93000.0,3
15,7,8,6,73000.0,72000.0,73000.0,5
15,7,4,7,78000.0,78000.0,80000.0,3
15,7,2,2,91000.0,90000.0,92000.0,5
15,7,5,4,87000.0,87000.0,88000.0,3
15,7,9,11,83000.0,83000.0,84000.0,6
15,7,8,8,81000.0,80000.0,82000.0,5
15,7,7,6,92000.0,92000.0,93000.0,5
15,7,4,3,75000.0,75000.0,76000.0,5
15,7,8,10,86000.0,86000.0,88000.0,6
15,7,6,7,100000.0,100000.0,101000.0,5
15,7,2,8,72000.0,72000.0,72000.0,5
15,7,8,11,107000.0,106000.0,107000.0,6
15,7,7,13,95000.0,96000.0,99000.0,4
15,7,9,7,79000.0,79000.0,81000.0,4
15,7,4,9,75000.0,75000.0,76000.0,4
15,7,7,5,97000.0,97000.0,100000.0,4
15,7,4,6,90000.0,90000.0,90000.0,6
15,7,8,7,95000.0,95000.0,96000.0,4
15,7,7,5,78000.0,77000.0,79000.0,5
16,10,6,13,94000.0,93000.0,93000.0,5
16,10,2,4,83000.0,83000.0,84000.0,9
16,10,6,7,92000.0,91000.0,90000.0,5
16,10,7,15,92000.0,96000.0,94000.0,10
16,10,9,8,100000.0,100000.0,100000.0,6
16,10,10,11,96000.0,95000.0,95000.0,6
16,10,10,12,115000.0,114000.0,116000.0,5
16,10,8,13,91000.0,91000.0,92000.0,9
16,10,8,5,118000.0,107000.0,106000.0,6
16,10,8,6,92000.0,91000.0,92000.0,7
16,10,8,5,85000.0,77000.0,75000.0,5
16,10,4,5,109000.0,107000.0,110000.0,6
17,9,1,2,117000.0,107000.0,105000.0,1
17,9,6,7,95000.0,94000.0,97000.0,7
17,9,6,7,86000.0,86000.0,88000.0,5
17,9,7,5,82000.0,81000.0,81000.0,1
17,9,3,2,79000.0,78000.0,75000.0,1
17,9,1,2,101000.0,100000.0,99000.0,1
17,9,6,3,92000.0,91000.0,92000.0,5
17,9,5,6,95000.0,94000.0,95000.0,7
17,9,3,2,95000.0,95000.0,96000.0,2
17,9,2,3,99000.0,98000.0,97000.0,1
17,9,1,3,92000.0,91000.0,90000.0,1
17,9,5,3,80000.0,80000.0,81000.0,2
17,9,2,2,92000.0,91000.0,90000.0,1
17,9,5,4,83000.0,88000.0,86000.0,1
17,9,5,3,107000.0,105000.0,105000.0,1
17,9,4,6,83000.0,82000.0,82000.0,1
17,9,3,5,121000.0,108000.0,121000.0,1
17,9,1,1,76000.0,75000.0,74000.0,1
17,9,2,1,81000.0,79000.0,79000.0,1
17,9,4,6,75000.0,74000.0,74000.0,2
17,9,10,10,95000.0,95000.0,97000.0,6
17,9,6,9,77000.0,76000.0,76000.0,6
17,9,9,7,73000.0,72000.0,73000.0,6
17,9,4,7,74000.0,74000.0,74000.0,1
17,9,1,3,93000.0,91000.0,90000.0,1
17,9,2,1,107000.0,115000.0,111000.0,1
17,9,3,2,100000.0,100000.0,101000.0,2
17,9,2,1,84000.0,80000.0,79000.0,2
17,9,7,11,108000.0,107000.0,107000.0,1
17,3,7,6,93000.0,92000.0,93000.0,5
17,9,2,9,92000.0,91000.0,91000.0,1
17,9,1,2,98000.0,98000.0,97000.0,1
17,9,2,2,87000.0,86000.0,85000.0,1
17,9,9,9,105000.0,104000.0,106000.0,2
17,9,3,4,76000.0,73000.0,72000.0,1
17,9,3,5,85000.0,84000.0,84000.0,1
17,9,2,1,90000.0,90000.0,89000.0,2
17,9,5,8,100000.0,100000.0,99000.0,1
17,9,7,5,76000.0,75000.0,75000.0,2
17,9,4,2,86000.0,86000.0,87000.0,1
17,9,1,1,75000.0,74000.0,73000.0,1
17,9,2,6,104000.0,96000.0,87000.0,3
17,9,5,2,97000.0,96000.0,112000.0,1
17,9,2,3,84000.0,84000.0,83000.0,1
17,9,4,2,87000.0,87000.0,88000.0,2
17,9,8,5,75000.0,74000.0,75000.0,2
17,9,3,2,78000.0,78000.0,79000.0,2
17,9,1,1,91000.0,98000.0,92000.0,2
17,9,12,6,109000.0,108000.0,108000.0,1
17,9,8,8,76000.0,99000.0,101000.0,1
17,9,4,3,74000.0,73000.0,73000.0,1
17,9,1,4,83000.0,81000.0,80000.0,1
17,9,9,9,98000.0,98000.0,100000.0,2
17,9,3,4,76000.0,74000.0,74000.0,1
17,9,3,3,80000.0,80000.0,81000.0,2
17,3,10,6,84000.0,83000.0,84000.0,6
17,9,4,2,91000.0,91000.0,90000.0,1
17,9,7,7,93000.0,93000.0,93000.0,1
17,9,4,3,85000.0,77000.0,74000.0,1
17,9,9,9,80000.0,80000.0,81000.0,5
17,9,2,3,98000.0,97000.0,96000.0,1
17,9,1,2,92000.0,91000.0,90000.0,1
17,9,7,10,97000.0,96000.0,98000.0,5
17,9,6,8,115000.0,114000.0,115000.0,4
17,9,2,3,86000.0,85000.0,85000.0,1
17,9,16,14,96000.0,95000.0,97000.0,7
17,9,1,3,87000.0,86000.0,86000.0,2
17,9,7,7,107000.0,106000.0,107000.0,5
17,9,1,1,81000.0,80000.0,79000.0,3
17,9,2,8,95000.0,95000.0,94000.0,3
17,9,6,4,93000.0,91000.0,91000.0,1
17,9,2,4,86000.0,85000.0,84000.0,1
17,9,6,6,76000.0,75000.0,77000.0,4
17,9,6,5,82000.0,80000.0,80000.0,1
17,9,2,3,107000.0,105000.0,104000.0,1
17,9,1,2,111000.0,108000.0,109000.0,3
17,9,2,9,85000.0,84000.0,84000.0,5
17,9,3,4,97000.0,96000.0,95000.0,1
17,9,2,1,73000.0,72000.0,72000.0,1
17,9,3,7,91000.0,90000.0,89000.0,1
17,9,4,4,97000.0,97000.0,96000.0,2
17,9,5,4,87000.0,86000.0,85000.0,2
17,9,3,2,122000.0,123000.0,109000.0,1
17,9,7,5,81000.0,80000.0,82000.0,6
17,9,4,4,100000.0,98000.0,98000.0,1
17,9,7,8,107000.0,106000.0,108000.0,6
17,9,6,4,96000.0,95000.0,96000.0,2
17,9,3,8,96000.0,96000.0,98000.0,7
17,9,4,3,99000.0,97000.0,96000.0,1
17,9,3,4,94000.0,93000.0,92000.0,1
17,9,8,9,80000.0,80000.0,81000.0,6
17,9,9,4,76000.0,75000.0,77000.0,5
18,1,3,3,73000.0,72000.0,72000.0,2
18,1,2,1,86000.0,85000.0,85000.0,1
18,1,3,3,100000.0,99000.0,98000.0,2
18,1,3,4,97000.0,97000.0,96000.0,2
18,1,2,14,97000.0,96000.0,96000.0,1
18,1,5,2,96000.0,95000.0,96000.0,1
18,1,2,1,92000.0,91000.0,90000.0,2
18,1,9,9,95000.0,94000.0,94000.0,6
18,1,4,2,86000.0,85000.0,84000.0,2
18,1,3,2,84000.0,83000.0,82000.0,2
18,1,3,2,106000.0,105000.0,104000.0,2
18,11,10,8,83000.0,83000.0,85000.0,8
18,1,9,4,76000.0,76000.0,76000.0,5
18,1,5,1,96000.0,95000.0,94000.0,1
18,1,8,7,115000.0,115000.0,115000.0,2
18,23,5,3,100000.0,100000.0,101000.0,1
18,11,3,4,92000.0,92000.0,91000.0,4
18,1,6,8,86000.0,85000.0,85000.0,5
18,1,10,6,130000.0,129000.0,129000.0,5
18,1,4,5,86000.0,85000.0,85000.0,3
18,1,3,4,104000.0,96000.0,98000.0,6
18,1,4,1,84000.0,84000.0,84000.0,2
18,11,14,1,80000.0,79000.0,80000.0,4
18,1,4,4,99000.0,99000.0,99000.0,5
18,1,5,4,102000.0,101000.0,101000.0,3
18,11,10,5,97000.0,96000.0,99000.0,8
18,1,4,2,87000.0,87000.0,86000.0,1
18,1,5,5,81000.0,81000.0,80000.0,1
18,1,4,2,97000.0,95000.0,95000.0,2
18,11,7,4,90000.0,90000.0,90000.0,4
18,1,2,4,95000.0,94000.0,94000.0,2
18,1,7,10,86000.0,84000.0,84000.0,6
18,23,10,8,91000.0,90000.0,92000.0,1
18,11,4,4,105000.0,104000.0,105000.0,4
18,11,5,5,82000.0,81000.0,82000.0,4
18,11,6,4,88000.0,86000.0,87000.0,4
18,11,2,3,95000.0,93000.0,93000.0,4
18,1,8,5,95000.0,94000.0,94000.0,6
18,1,6,6,87000.0,86000.0,85000.0,2
18,1,8,4,93000.0,91000.0,91000.0,2
18,1,6,5,102000.0,101000.0,101000.0,5
18,1,5,4,71000.0,71000.0,70000.0,5
18,23,6,2,83000.0,82000.0,85000.0,1
18,1,7,3,98000.0,98000.0,98000.0,1
18,1,4,2,76000.0,75000.0,75000.0,1
18,1,4,3,100000.0,100000.0,99000.0,2
18,1,2,1,75000.0,73000.0,72000.0,3
18,1,8,5,96000.0,95000.0,125000.0,5
18,1,10,9,104000.0,96000.0,90000.0,6
18,1,10,6,120000.0,121000.0,124000.0,2
18,1,4,6,85000.0,84000.0,84000.0,2
18,23,8,7,81000.0,80000.0,82000.0,1
18,11,8,6,76000.0,75000.0,76000.0,4
18,11,2,7,84000.0,83000.0,82000.0,4
18,1,2,3,75000.0,74000.0,73000.0,2
18,1,7,1,74000.0,73000.0,73000.0,2
18,1,5,3,84000.0,82000.0,81000.0,2
18,23,5,7,98000.0,98000.0,99000.0,1
18,23,2,1,87000.0,87000.0,88000.0,1
18,1,4,2,109000.0,107000.0,106000.0,2
18,1,1,1,109000.0,107000.0,107000.0,2
18,23,3,5,91000.0,99000.0,92000.0,1
18,23,6,6,78000.0,78000.0,80000.0,1
18,1,8,7,105000.0,104000.0,104000.0,5
18,1,9,10,84000.0,84000.0,84000.0,5
18,1,10,9,92000.0,91000.0,91000.0,5
18,1,7,12,98000.0,97000.0,96000.0,2
18,23,5,3,95000.0,95000.0,96000.0,1
18,23,1,1,75000.0,75000.0,74000.0,1
18,23,1,1,80000.0,80000.0,80000.0,1
18,23,4,1,92000.0,92000.0,94000.0,1
18,1,6,6,99000.0,97000.0,97000.0,2
18,1,4,6,82000.0,81000.0,81000.0,2
18,1,6,2,76000.0,98000.0,104000.0,3
18,23,1,1,95000.0,93000.0,95000.0,1
18,1,5,4,92000.0,91000.0,91000.0,2
18,1,4,4,108000.0,106000.0,105000.0,2
18,1,6,6,121000.0,108000.0,123000.0,5
18,1,9,6,83000.0,77000.0,75000.0,6
18,1,2,2,83000.0,82000.0,82000.0,2
18,1,5,5,75000.0,74000.0,74000.0,1
18,23,1,1,85000.0,84000.0,86000.0,1
18,1,3,1,82000.0,80000.0,80000.0,2
18,11,4,4,75000.0,74000.0,74000.0,4
18,1,9,8,99000.0,98000.0,98000.0,2
18,1,3,6,67000.0,67000.0,69000.0,7
20,5,9,8,75000.0,75000.0,77000.0,9
20,6,3,2,105000.0,104000.0,103000.0,2
20,6,3,2,73000.0,73000.0,72000.0,2
20,9,6,2,86000.0,85000.0,85000.0,2
20,9,1,1,106000.0,104000.0,104000.0,1
20,9,1,3,80000.0,79000.0,78000.0,1
20,6,1,1,77000.0,76000.0,76000.0,2
20,6,2,2,104000.0,103000.0,102000.0,2
20,6,3,2,96000.0,96000.0,95000.0,2
20,6,4,2,76000.0,75000.0,74000.0,2
20,6,6,3,97000.0,96000.0,98000.0,2
20,6,3,7,99000.0,88000.0,87000.0,2
20,6,8,6,89000.0,88000.0,92000.0,2
20,6,3,3,93000.0,93000.0,91000.0,2
20,9,1,1,84000.0,83000.0,83000.0,1
20,9,2,1,93000.0,92000.0,92000.0,1
20,6,2,2,95000.0,94000.0,93000.0,2
20,9,3,2,84000.0,75000.0,73000.0,1
20,9,3,4,82000.0,81000.0,81000.0,1
20,9,2,1,79000.0,78000.0,75000.0,1
20,117,9,6,91000.0,90000.0,90000.0,7
20,6,4,4,74000.0,74000.0,74000.0,2
20,6,1,2,71000.0,71000.0,70000.0,2
20,6,4,2,71000.0,71000.0,70000.0,2
20,9,1,2,81000.0,81000.0,79000.0,1
20,9,3,4,92000.0,91000.0,90000.0,1
20,9,4,3,106000.0,116000.0,112000.0,1
20,2,7,8,72000.0,72000.0,73000.0,2
20,9,2,1,101000.0,100000.0,100000.0,1
20,9,1,1,85000.0,84000.0,84000.0,1
20,6,4,4,102000.0,101000.0,101000.0,2
20,6,2,2,65000.0,64000.0,64000.0,2
20,6,2,4,73000.0,72000.0,71000.0,2
20,6,4,2,97000.0,96000.0,96000.0,2
20,6,2,2,93000.0,92000.0,91000.0,2
20,6,2,6,68000.0,67000.0,67000.0,2
20,6,5,5,72000.0,72000.0,71000.0,3
20,6,4,2,76000.0,88000.0,96000.0,2
20,9,3,1,107000.0,106000.0,110000.0,3
20,9,3,5,130000.0,128000.0,127000.0,2
20,9,2,7,85000.0,83000.0,83000.0,2
20,9,6,4,78000.0,77000.0,77000.0,2
20,9,1,6,96000.0,95000.0,94000.0,3
20,9,3,3,77000.0,76000.0,75000.0,2
20,9,4,2,107000.0,106000.0,105000.0,2
20,9,8,6,86000.0,85000.0,85000.0,2
20,117,9,6,103000.0,103000.0,103000.0,9
20,117,9,10,73000.0,72000.0,72000.0,9
20,6,4,5,96000.0,95000.0,95000.0,2
20,9,2,5,105000.0,96000.0,97000.0,2
20,9,1,4,115000.0,113000.0,114000.0,4
20,9,1,1,86000.0,85000.0,85000.0,1
20,6,2,1,103000.0,101000.0,118000.0,2
20,5,7,4,72000.0,71000.0,73000.0,6
20,5,6,9,95000.0,95000.0,97000.0,6
20,5,9,6,78000.0,77000.0,79000.0,6
20,9,1,1,92000.0,91000.0,90000.0,1
20,9,24,3,102000.0,101000.0,101000.0,1
20,9,2,1,91000.0,89000.0,89000.0,1
20,6,3,3,86000.0,85000.0,84000.0,2
20,6,3,4,71000.0,69000.0,68000.0,2
20,6,5,3,76000.0,75000.0,75000.0,2
20,6,2,4,104000.0,103000.0,103000.0,2
20,9,8,3,105000.0,104000.0,106000.0,2
20,9,2,1,84000.0,81000.0,81000.0,1
20,6,1,4,77000.0,76000.0,76000.0,2
20,6,2,1,69000.0,68000.0,68000.0,2
20,9,1,1,75000.0,74000.0,73000.0,1
20,9,1,2,74000.0,73000.0,73000.0,1
20,9,3,1,108000.0,106000.0,106000.0,1
20,6,3,1,83000.0,83000.0,82000.0,2
20,9,1,3,87000.0,87000.0,88000.0,2
20,6,7,5,91000.0,89000.0,89000.0,2
20,6,3,3,83000.0,82000.0,81000.0,3
20,6,6,3,84000.0,83000.0,83000.0,2
20,9,2,4,76000.0,75000.0,75000.0,2
20,9,1,1,98000.0,98000.0,97000.0,2
20,9,1,1,85000.0,86000.0,86000.0,1
20,9,1,7,90000.0,90000.0,89000.0,2
20,6,1,8,92000.0,92000.0,91000.0,2
20,6,1,1,89000.0,88000.0,87000.0,1
20,6,3,3,87000.0,86000.0,85000.0,2
20,6,3,3,97000.0,96000.0,96000.0,2
20,6,2,1,99000.0,99000.0,109000.0,2
20,6,2,5,94000.0,93000.0,92000.0,2
20,9,6,5,71000.0,71000.0,70000.0,2
20,9,2,4,107000.0,106000.0,108000.0,2
20,9,9,8,83000.0,83000.0,85000.0,2
20,9,1,1,90000.0,90000.0,92000.0,2
20,6,4,3,89000.0,87000.0,87000.0,2
20,9,1,1,100000.0,99000.0,99000.0,1
20,9,1,1,97000.0,97000.0,109000.0,1
20,9,1,3,104000.0,96000.0,87000.0,3
20,9,1,2,96000.0,95000.0,95000.0,1
20,9,4,6,75000.0,73000.0,72000.0,1
20,9,2,3,117000.0,119000.0,119000.0,6
20,6,10,10,86000.0,86000.0,86000.0,4
20,117,13,8,80000.0,79000.0,91000.0,9
20,9,3,2,75000.0,74000.0,74000.0,1
20,9,3,5,115000.0,114000.0,114000.0,2
20,9,2,3,81000.0,80000.0,80000.0,3
20,9,2,4,80000.0,80000.0,80000.0,2
20,6,4,2,98000.0,98000.0,97000.0,2
20,9,2,5,76000.0,98000.0,101000.0,1
20,9,2,2,92000.0,92000.0,90000.0,1
20,9,1,1,99000.0,97000.0,96000.0,1
20,6,1,1,71000.0,71000.0,70000.0,2
20,6,2,2,72000.0,71000.0,71000.0,2
20,6,1,4,102000.0,103000.0,101000.0,1
20,6,3,4,77000.0,76000.0,76000.0,2
20,9,2,1,100000.0,99000.0,101000.0,2
20,9,9,3,95000.0,94000.0,94000.0,2
20,9,2,1,98000.0,97000.0,97000.0,1
20,9,1,1,87000.0,85000.0,85000.0,1
20,6,2,2,80000.0,80000.0,79000.0,2
20,6,2,1,73000.0,72000.0,72000.0,1
20,9,1,2,95000.0,94000.0,93000.0,1
20,9,1,1,97000.0,95000.0,94000.0,1
20,9,1,1,85000.0,84000.0,83000.0,1
20,6,5,4,94000.0,93000.0,92000.0,2
20,6,3,3,97000.0,97000.0,96000.0,2
20,6,3,1,83000.0,81000.0,81000.0,1
20,6,6,3,64000.0,63000.0,63000.0,1
20,6,2,1,86000.0,86000.0,85000.0,1
20,6,3,5,91000.0,90000.0,90000.0,2
20,6,5,3,100000.0,100000.0,99000.0,3
20,6,1,2,88000.0,88000.0,87000.0,2
20,6,2,2,76000.0,75000.0,75000.0,2
20,6,2,1,85000.0,83000.0,82000.0,1
20,9,1,1,96000.0,95000.0,96000.0,2
20,6,4,3,94000.0,93000.0,93000.0,2
20,6,1,1,106000.0,104000.0,103000.0,2
20,9,3,2,92000.0,92000.0,94000.0,2
20,6,3,3,93000.0,92000.0,91000.0,2
20,6,3,3,102000.0,101000.0,100000.0,2
20,6,3,1,98000.0,96000.0,96000.0,2
20,6,3,3,72000.0,71000.0,71000.0,2
20,6,7,5,79000.0,79000.0,79000.0,3
20,6,6,4,97000.0,96000.0,96000.0,3
20,6,6,4,91000.0,91000.0,91000.0,3
20,6,2,4,80000.0,79000.0,79000.0,2
20,6,3,3,98000.0,97000.0,96000.0,2
20,6,3,4,82000.0,81000.0,81000.0,2
20,6,2,5,88000.0,88000.0,88000.0,2
20,9,1,1,78000.0,78000.0,79000.0,2
20,6,3,2,84000.0,83000.0,83000.0,2
20,9,4,2,91000.0,99000.0,92000.0,2
20,6,6,3,93000.0,93000.0,93000.0,2
20,6,3,2,77000.0,76000.0,75000.0,2
20,9,2,1,99000.0,97000.0,96000.0,1
20,5,6,6,98000.0,97000.0,100000.0,9
20,9,1,2,73000.0,72000.0,71000.0,1
20,9,1,1,94000.0,93000.0,92000.0,1
20,9,5,11,98000.0,97000.0,96000.0,2
20,9,1,3,93000.0,91000.0,90000.0,1
20,6,1,2,94000.0,94000.0,93000.0,2
20,6,3,1,91000.0,89000.0,89000.0,1
20,9,1,1,98000.0,97000.0,97000.0,1
20,9,1,1,98000.0,97000.0,96000.0,1
20,9,2,1,92000.0,91000.0,91000.0,1
20,9,1,3,75000.0,74000.0,73000.0,2
20,9,1,1,105000.0,102000.0,102000.0,1
20,9,2,1,121000.0,108000.0,121000.0,1
20,9,2,3,80000.0,79000.0,79000.0,1
20,9,2,2,106000.0,105000.0,105000.0,1
20,9,6,4,83000.0,82000.0,82000.0,1
20,9,1,1,82000.0,88000.0,85000.0,1
20,9,1,4,74000.0,74000.0,73000.0,1
20,6,11,9,91000.0,90000.0,91000.0,2
20,5,1,1,95000.0,95000.0,97000.0,6
20,5,10,5,107000.0,106000.0,110000.0,8
20,5,6,5,105000.0,104000.0,106000.0,6
20,117,8,5,72000.0,71000.0,71000.0,5
20,6,5,4,95000.0,84000.0,80000.0,2
20,117,9,10,85000.0,84000.0,84000.0,7
20,6,4,6,107000.0,107000.0,107000.0,3
20,6,6,5,75000.0,75000.0,75000.0,3
20,9,1,1,84000.0,82000.0,82000.0,1
20,9,1,1,123000.0,123000.0,108000.0,1
20,9,1,1,86000.0,84000.0,84000.0,1
21,4,7,8,93000.0,92000.0,94000.0,3
21,4,10,9,88000.0,87000.0,89000.0,3
21,4,4,6,88000.0,87000.0,87000.0,1
21,4,5,6,75000.0,74000.0,74000.0,1
21,4,2,3,104000.0,104000.0,104000.0,1
21,4,9,4,82000.0,81000.0,83000.0,2
21,4,6,3,91000.0,90000.0,90000.0,1
21,4,2,5,87000.0,86000.0,85000.0,1
21,4,2,4,75000.0,75000.0,75000.0,1
21,10,1,2,105000.0,104000.0,106000.0,9
21,4,9,6,74000.0,73000.0,77000.0,1
21,4,2,3,76000.0,74000.0,74000.0,1
21,4,6,5,87000.0,85000.0,87000.0,3
21,4,1,1,95000.0,93000.0,93000.0,1
21,4,6,6,72000.0,71000.0,71000.0,1
21,4,7,6,76000.0,75000.0,76000.0,1
21,4,5,6,76000.0,75000.0,75000.0,3
21,4,5,4,82000.0,80000.0,80000.0,1
21,4,3,3,72000.0,71000.0,71000.0,1
22,11,9,7,78000.0,78000.0,80000.0,8
22,3,10,10,83000.0,83000.0,83000.0,7
22,3,6,6,108000.0,107000.0,106000.0,7
22,3,7,9,92000.0,91000.0,91000.0,7
22,3,8,8,85000.0,85000.0,85000.0,7
22,23,4,4,100000.0,100000.0,101000.0,1
22,23,4,4,95000.0,95000.0,96000.0,1
22,11,8,6,82000.0,81000.0,82000.0,4
22,23,6,5,93000.0,92000.0,94000.0,1
22,23,8,5,94000.0,94000.0,95000.0,1
22,11,3,6,107000.0,105000.0,105000.0,4
22,23,1,8,84000.0,81000.0,79000.0,1
22,23,6,7,91000.0,91000.0,92000.0,1
22,11,5,7,72000.0,71000.0,71000.0,4
22,11,3,4,81000.0,79000.0,80000.0,4
22,3,7,12,100000.0,100000.0,100000.0,6
22,3,9,4,98000.0,98000.0,98000.0,7
22,23,3,2,75000.0,74000.0,75000.0,1
22,23,3,2,80000.0,79000.0,80000.0,1
22,23,9,6,107000.0,106000.0,108000.0,1
22,23,5,1,83000.0,82000.0,85000.0,1
22,23,4,7,105000.0,104000.0,106000.0,1
22,11,3,10,84000.0,83000.0,83000.0,4
22,11,4,5,91000.0,90000.0,90000.0,4
22,23,3,1,99000.0,98000.0,99000.0,1
22,11,5,4,74000.0,74000.0,75000.0,4
22,23,2,2,85000.0,84000.0,86000.0,1
22,3,8,5,91000.0,91000.0,91000.0,7
22,23,2,6,91000.0,94000.0,92000.0,1
22,3,10,7,98000.0,97000.0,96000.0,7
22,11,4,6,72000.0,71000.0,72000.0,4
22,23,2,3,79000.0,78000.0,79000.0,1
23,7,5,6,80000.0,80000.0,80000.0,6
23,7,15,7,87000.0,87000.0,87000.0,5
23,7,8,9,75000.0,74000.0,75000.0,5
23,7,3,7,90000.0,90000.0,89000.0,6
23,7,6,9,84000.0,83000.0,83000.0,7
23,7,5,4,75000.0,75000.0,76000.0,5
23,7,6,3,88000.0,86000.0,86000.0,6
24,10,10,9,75000.0,75000.0,75000.0,6
30,6,2,1,91000.0,90000.0,90000.0,2
30,131,8,7,79000.0,78000.0,76000.0,4
30,131,6,4,82000.0,81000.0,81000.0,4
30,131,7,12,75000.0,74000.0,74000.0,4
30,131,5,4,87000.0,87000.0,86000.0,4
30,131,10,9,92000.0,91000.0,91000.0,4
30,6,14,6,95000.0,94000.0,94000.0,2
30,6,6,1,107000.0,105000.0,105000.0,2
30,131,7,10,85000.0,84000.0,84000.0,3
30,131,9,10,96000.0,95000.0,95000.0,4
30,6,1,2,93000.0,92000.0,91000.0,3
30,6,2,1,81000.0,81000.0,81000.0,1
30,6,2,3,87000.0,85000.0,87000.0,2
30,131,10,13,98000.0,98000.0,98000.0,5
30,131,7,6,115000.0,115000.0,115000.0,3
30,131,3,7,106000.0,115000.0,112000.0,5
30,131,10,6,92000.0,92000.0,91000.0,4
30,131,8,5,85000.0,83000.0,83000.0,4
30,6,3,2,82000.0,80000.0,80000.0,2
30,131,4,6,85000.0,84000.0,84000.0,5
30,131,8,12,87000.0,86000.0,86000.0,5
30,6,1,1,84000.0,82000.0,82000.0,3
30,131,3,7,76000.0,98000.0,102000.0,5
30,6,3,2,76000.0,74000.0,74000.0,2
30,6,2,1,74000.0,73000.0,74000.0,2
30,6,5,2,75000.0,75000.0,75000.0,2
30,6,1,1,71000.0,70000.0,70000.0,2
30,131,8,4,74000.0,74000.0,73000.0,5
30,131,8,7,102000.0,100000.0,100000.0,4
30,131,3,10,97000.0,97000.0,96000.0,9
30,6,1,1,75000.0,75000.0,75000.0,2
30,131,9,4,97000.0,97000.0,96000.0,4
31,1,7,3,84000.0,83000.0,84000.0,2
31,1,4,2,74000.0,74000.0,74000.0,3
31,1,5,5,93000.0,91000.0,92000.0,2
31,1,5,4,94000.0,94000.0,94000.0,3
31,1,8,6,82000.0,80000.0,81000.0,3
32,9,8,8,94000.0,92000.0,93000.0,6
35,2,10,8,81000.0,80000.0,81000.0,5
35,2,19,6,88000.0,86000.0,89000.0,5
35,2,9,8,91000.0,90000.0,91000.0,5
37,1,8,7,76000.0,75000.0,76000.0,3
37,1,7,5,104000.0,105000.0,105000.0,3
37,1,4,2,81000.0,79000.0,80000.0,3
67,5,9,14,96000.0,95000.0,96000.0,7
67,5,6,7,84000.0,80000.0,80000.0,10
67,5,10,8,100000.0,100000.0,102000.0,10
67,5,10,8,96000.0,95000.0,99000.0,7
154,208,8,7,107000.0,107000.0,107000.0,4
154,208,8,10,104000.0,97000.0,89000.0,2
154,210,5,7,103000.0,103000.0,122000.0,5
154,210,7,13,69000.0,68000.0,68000.0,9
154,208,7,7,98000.0,98000.0,97000.0,4
154,210,9,8,91000.0,90000.0,90000.0,7
154,210,6,6,72000.0,72000.0,72000.0,6
154,208,9,3,109000.0,108000.0,108000.0,5
154,208,10,7,84000.0,83000.0,84000.0,6
154,208,7,3,94000.0,93000.0,93000.0,3
154,210,10,17,93000.0,92000.0,92000.0,7
154,208,8,7,98000.0,98000.0,97000.0,8
154,208,10,7,95000.0,94000.0,94000.0,6
154,208,8,7,94000.0,94000.0,93000.0,6
154,208,2,3,82000.0,81000.0,81000.0,3
154,210,8,8,68000.0,68000.0,68000.0,5
154,210,5,8,89000.0,89000.0,89000.0,5
154,208,6,4,101000.0,100000.0,100000.0,4
154,210,6,6,65000.0,65000.0,65000.0,7
154,208,3,2,98000.0,97000.0,97000.0,4
154,208,3,3,99000.0,98000.0,97000.0,4
154,208,4,3,91000.0,91000.0,91000.0,4
154,208,7,8,122000.0,108000.0,123000.0,4
154,208,5,3,91000.0,90000.0,89000.0,4
154,208,3,6,80000.0,80000.0,79000.0,4
154,208,3,4,83000.0,82000.0,82000.0,3
154,208,7,2,75000.0,74000.0,74000.0,3
154,210,7,11,92000.0,92000.0,91000.0,8
154,210,6,7,73000.0,72000.0,72000.0,8
154,210,8,8,73000.0,73000.0,73000.0,8
154,208,8,7,97000.0,96000.0,96000.0,4
154,208,6,9,96000.0,96000.0,95000.0,3
154,210,7,10,78000.0,77000.0,76000.0,6
155,15,10,7,96000.0,96000.0,96000.0,5
155,15,8,9,85000.0,84000.0,85000.0,6
155,15,3,3,92000.0,91000.0,91000.0,6
155,15,2,13,109000.0,108000.0,107000.0,6
155,15,3,10,96000.0,95000.0,95000.0,4
155,15,10,10,88000.0,87000.0,88000.0,9
807,10,8,7,92000.0,91000.0,92000.0,5
807,10,5,6,75000.0,74000.0,74000.0,5
807,10,7,7,101000.0,101000.0,101000.0,5
807,210,6,6,91000.0,86000.0,86000.0,7
807,210,9,6,65000.0,65000.0,65000.0,7
807,10,9,10,83000.0,82000.0,82000.0,5
807,210,10,7,78000.0,77000.0,77000.0,7
807,10,14,12,106000.0,115000.0,114000.0,8
807,10,10,11,82000.0,81000.0,82000.0,8
807,10,4,9,76000.0,99000.0,103000.0,8
807,10,8,7,72000.0,72000.0,72000.0,4
807,4,7,6,94000.0,94000.0,94000.0,4
807,10,5,7,80000.0,79000.0,79000.0,4
807,210,9,11,88000.0,88000.0,88000.0,7
807,10,9,8,92000.0,92000.0,92000.0,4
807,4,10,10,86000.0,86000.0,86000.0,5
807,4,12,8,105000.0,104000.0,104000.0,6
807,4,8,9,99000.0,98000.0,98000.0,5
807,10,10,7,81000.0,80000.0,80000.0,5
807,10,8,5,99000.0,98000.0,98000.0,8
807,3,5,10,109000.0,107000.0,111000.0,7
807,10,9,7,78000.0,78000.0,78000.0,5
807,4,6,10,94000.0,93000.0,93000.0,5
807,10,7,7,101000.0,100000.0,100000.0,4
807,4,6,5,80000.0,80000.0,80000.0,5
807,10,5,6,71000.0,69000.0,69000.0,5
807,10,9,7,94000.0,93000.0,93000.0,5
807,210,9,8,93000.0,93000.0,93000.0,6
807,4,7,7,83000.0,83000.0,83000.0,5
807,4,7,6,93000.0,92000.0,92000.0,5
807,4,7,6,90000.0,89000.0,89000.0,5
807,210,9,13,92000.0,91000.0,91000.0,8
807,10,7,5,118000.0,120000.0,121000.0,5
807,4,7,9,91000.0,90000.0,89000.0,8
807,10,8,6,115000.0,116000.0,116000.0,3
807,10,4,8,101000.0,97000.0,98000.0,5
807,4,7,6,98000.0,98000.0,98000.0,6
807,10,8,6,98000.0,98000.0,98000.0,7
807,10,6,5,75000.0,73000.0,73000.0,7
807,10,6,8,97000.0,97000.0,97000.0,7
807,4,7,5,73000.0,72000.0,72000.0,4
807,15,7,6,92000.0,91000.0,91000.0,7
807,3,8,7,83000.0,82000.0,83000.0,7
807,4,5,6,99000.0,89000.0,88000.0,8
807,211,3,7,87000.0,86000.0,86000.0,5
807,4,10,8,73000.0,73000.0,73000.0,7
807,210,9,10,95000.0,94000.0,94000.0,7
807,4,8,8,95000.0,95000.0,95000.0,8
807,15,3,5,84000.0,84000.0,84000.0,8
807,15,7,4,98000.0,97000.0,98000.0,7
807,210,8,15,84000.0,84000.0,84000.0,10
807,4,7,6,105000.0,104000.0,104000.0,8
807,3,10,6,81000.0,81000.0,81000.0,7
807,10,7,4,108000.0,107000.0,107000.0,4
807,10,8,7,76000.0,75000.0,75000.0,5
807,210,7,8,83000.0,83000.0,82000.0,7
807,10,8,8,94000.0,94000.0,94000.0,4
807,15,10,8,86000.0,87000.0,89000.0,7
807,10,7,6,93000.0,103000.0,106000.0,5
807,15,4,6,98000.0,97000.0,97000.0,7
808,4,10,5,74000.0,74000.0,74000.0,4
808,4,7,5,81000.0,80000.0,81000.0,5
808,4,10,14,99000.0,98000.0,98000.0,5
808,4,10,6,101000.0,100000.0,100000.0,5
808,4,7,8,87000.0,86000.0,86000.0,4
808,4,6,3,85000.0,85000.0,85000.0,4
808,4,10,9,125000.0,123000.0,112000.0,5
811,3,9,7,82000.0,81000.0,82000.0,7
811,4,7,13,125000.0,124000.0,111000.0,5
813,208,6,7,76000.0,75000.0,75000.0,5
813,3,8,13,82000.0,81000.0,81000.0,7
813,3,1,1,83000.0,82000.0,82000.0,6
813,3,3,12,98000.0,98000.0,98000.0,7
813,3,9,9,97000.0,97000.0,97000.0,8
813,3,3,5,101000.0,101000.0,101000.0,8
814,10,9,8,105000.0,96000.0,89000.0,5
814,10,9,11,76000.0,99000.0,104000.0,8
814,10,9,8,84000.0,84000.0,84000.0,7
814,10,8,11,75000.0,74000.0,74000.0,8
814,10,8,11,95000.0,95000.0,96000.0,8
814,10,6,4,108000.0,107000.0,107000.0,7
814,10,9,10,110000.0,108000.0,108000.0,7
814,10,21,9,92000.0,91000.0,90000.0,5
814,10,5,4,93000.0,93000.0,93000.0,5
814,10,10,7,82000.0,82000.0,82000.0,5
814,10,10,7,98000.0,98000.0,98000.0,8
815,211,3,2,127000.0,114000.0,109000.0,3
815,9,6,1,101000.0,101000.0,101000.0,1
815,9,8,5,78000.0,77000.0,77000.0,2
815,9,9,4,71000.0,71000.0,71000.0,1
815,15,8,11,93000.0,93000.0,93000.0,6
815,10,6,5,108000.0,107000.0,107000.0,4
815,10,7,6,95000.0,94000.0,94000.0,4
815,10,7,3,104000.0,103000.0,103000.0,5
815,9,2,7,115000.0,114000.0,113000.0,1
815,10,17,8,105000.0,104000.0,104000.0,4
815,9,2,3,84000.0,84000.0,84000.0,1
815,9,2,2,91000.0,90000.0,89000.0,1
815,15,8,11,96000.0,95000.0,96000.0,4
815,15,9,2,97000.0,97000.0,97000.0,4
815,9,2,11,75000.0,74000.0,74000.0,2
815,9,4,3,91000.0,90000.0,90000.0,1
815,211,5,1,54000.0,53000.0,53000.0,3
815,9,4,4,79000.0,78000.0,78000.0,2
815,9,3,1,101000.0,101000.0,100000.0,1
815,9,1,2,87000.0,87000.0,86000.0,1
815,10,9,7,90000.0,89000.0,97000.0,7
815,9,5,2,90000.0,89000.0,89000.0,1
815,9,3,2,88000.0,88000.0,87000.0,1
815,1,8,12,84000.0,84000.0,84000.0,5
815,1,8,9,83000.0,81000.0,82000.0,6
815,9,9,4,84000.0,84000.0,84000.0,1
815,10,7,7,89000.0,89000.0,89000.0,4
815,9,9,4,70000.0,70000.0,72000.0,1
815,10,9,6,92000.0,91000.0,91000.0,4
815,9,4,4,64000.0,64000.0,64000.0,1
815,9,4,4,69000.0,68000.0,68000.0,2
815,9,8,5,81000.0,80000.0,80000.0,2
815,211,7,5,76000.0,76000.0,76000.0,4
815,211,4,10,80000.0,79000.0,79000.0,4
815,9,4,3,77000.0,77000.0,76000.0,2
815,10,9,6,96000.0,95000.0,95000.0,4
815,9,8,9,106000.0,105000.0,105000.0,2
815,1,8,9,101000.0,100000.0,101000.0,5
815,211,8,10,103000.0,102000.0,102000.0,4
815,10,8,5,73000.0,73000.0,73000.0,4
815,9,2,3,95000.0,94000.0,93000.0,1
815,10,7,13,73000.0,73000.0,73000.0,4
815,1,9,5,86000.0,85000.0,86000.0,5
815,9,6,3,84000.0,83000.0,83000.0,2
815,9,3,3,94000.0,94000.0,93000.0,2
815,10,4,3,94000.0,94000.0,94000.0,2
815,1,7,7,98000.0,98000.0,97000.0,5
815,211,6,6,64000.0,63000.0,63000.0,4
815,9,4,4,90000.0,89000.0,89000.0,2
815,9,6,5,76000.0,76000.0,76000.0,1
815,9,2,2,89000.0,88000.0,88000.0,1
815,9,1,4,89000.0,88000.0,88000.0,3
815,9,3,2,79000.0,79000.0,89000.0,2
815,9,3,1,73000.0,71000.0,71000.0,1
815,9,2,2,102000.0,101000.0,101000.0,1
815,9,3,2,78000.0,78000.0,78000.0,3
815,10,10,7,86000.0,85000.0,85000.0,6
815,9,5,2,80000.0,79000.0,79000.0,1
815,10,8,7,98000.0,98000.0,98000.0,4
815,10,4,5,104000.0,103000.0,121000.0,9
815,10,10,7,73000.0,73000.0,72000.0,5
815,9,9,4,95000.0,95000.0,95000.0,1
815,1,9,9,97000.0,97000.0,114000.0,7
815,9,4,2,100000.0,102000.0,101000.0,1
815,10,8,8,100000.0,100000.0,100000.0,4
815,10,10,8,95000.0,94000.0,94000.0,7
815,10,7,7,77000.0,76000.0,76000.0,6
815,10,7,6,84000.0,84000.0,84000.0,5
815,10,7,3,99000.0,98000.0,98000.0,5
815,10,4,5,109000.0,108000.0,108000.0,6
815,10,5,9,70000.0,69000.0,69000.0,4
815,10,8,3,103000.0,103000.0,102000.0,6
815,10,8,12,93000.0,92000.0,92000.0,9
815,9,3,6,64000.0,64000.0,63000.0,1
815,211,9,4,87000.0,86000.0,86000.0,3
815,211,4,4,93000.0,93000.0,92000.0,4
815,9,5,5,71000.0,71000.0,71000.0,1
815,9,2,1,114000.0,112000.0,109000.0,1
815,9,4,4,87000.0,87000.0,87000.0,1
815,10,5,7,92000.0,92000.0,91000.0,4
815,10,9,4,72000.0,72000.0,72000.0,4
815,9,4,2,90000.0,89000.0,89000.0,1
815,9,13,6,81000.0,81000.0,81000.0,1
815,9,2,2,105000.0,104000.0,104000.0,1
815,10,9,8,80000.0,80000.0,80000.0,5
815,9,3,4,92000.0,92000.0,91000.0,1
815,211,7,6,105000.0,104000.0,104000.0,7
815,9,5,6,71000.0,70000.0,70000.0,1
815,9,9,3,78000.0,77000.0,77000.0,1
815,9,2,2,118000.0,112000.0,107000.0,1
815,9,7,4,81000.0,79000.0,71000.0,1
815,9,5,2,81000.0,81000.0,80000.0,1
815,10,9,12,72000.0,72000.0,72000.0,6
815,9,4,7,73000.0,71000.0,75000.0,1
815,9,1,1,89000.0,88000.0,88000.0,1
815,211,5,6,102000.0,101000.0,101000.0,5
815,9,8,8,80000.0,80000.0,80000.0,1
815,9,8,7,65000.0,65000.0,65000.0,1
815,9,9,4,96000.0,95000.0,94000.0,1
815,9,4,3,79000.0,78000.0,78000.0,1
815,10,8,8,83000.0,82000.0,82000.0,5
815,10,9,7,84000.0,84000.0,83000.0,7
815,10,4,5,101000.0,101000.0,101000.0,5
815,9,11,8,72000.0,72000.0,72000.0,1
815,10,7,11,98000.0,97000.0,96000.0,7
815,10,7,3,75000.0,74000.0,74000.0,5
817,9,1,1,72000.0,71000.0,70000.0,3
817,9,6,1,93000.0,92000.0,91000.0,3
817,9,8,4,83000.0,82000.0,82000.0,3
817,9,14,6,69000.0,69000.0,69000.0,3
817,213,4,7,78000.0,77000.0,77000.0,8
817,9,4,3,92000.0,91000.0,90000.0,3
817,5,5,8,92000.0,91000.0,90000.0,7
817,1,10,6,92000.0,91000.0,91000.0,3
817,1,5,4,108000.0,106000.0,104000.0,3
817,4,6,3,86000.0,86000.0,86000.0,5
817,5,7,7,96000.0,96000.0,95000.0,7
817,5,7,7,84000.0,84000.0,84000.0,7
817,4,5,5,93000.0,92000.0,92000.0,5
817,9,11,4,68000.0,68000.0,67000.0,3
817,9,6,6,98000.0,97000.0,96000.0,3
817,9,16,4,98000.0,97000.0,96000.0,3
817,1,2,1,81000.0,80000.0,79000.0,3
817,4,8,4,76000.0,76000.0,76000.0,5
817,9,3,2,102000.0,100000.0,99000.0,3
817,9,3,3,89000.0,88000.0,88000.0,3
817,4,7,6,80000.0,80000.0,79000.0,5
817,5,6,12,91000.0,90000.0,90000.0,7
817,1,6,5,94000.0,94000.0,93000.0,3
817,9,2,4,116000.0,115000.0,114000.0,2
817,9,13,4,96000.0,94000.0,94000.0,4
817,9,5,4,97000.0,96000.0,95000.0,3
817,9,6,3,105000.0,104000.0,103000.0,3
817,4,8,8,79000.0,79000.0,81000.0,6
817,9,3,3,88000.0,86000.0,86000.0,2
817,9,5,3,98000.0,97000.0,97000.0,2
817,9,8,3,104000.0,98000.0,100000.0,2
817,4,8,4,86000.0,86000.0,86000.0,6
817,9,5,8,70000.0,69000.0,69000.0,2
817,9,6,1,77000.0,75000.0,75000.0,2
817,9,5,4,94000.0,93000.0,93000.0,3
817,9,5,6,78000.0,77000.0,77000.0,2
817,9,4,1,85000.0,83000.0,83000.0,2
817,9,5,1,130000.0,128000.0,127000.0,2
817,9,3,3,77000.0,77000.0,76000.0,2
817,9,3,5,101000.0,100000.0,99000.0,2
817,9,5,3,73000.0,73000.0,72000.0,3
817,9,10,1,102000.0,102000.0,103000.0,3
817,9,4,5,91000.0,90000.0,89000.0,3
817,9,6,3,81000.0,80000.0,80000.0,3
817,9,6,3,73000.0,72000.0,72000.0,3
817,9,4,3,65000.0,65000.0,64000.0,3
817,4,4,4,103000.0,102000.0,102000.0,6
817,9,6,7,100000.0,99000.0,99000.0,2
817,1,9,11,93000.0,86000.0,83000.0,4
817,9,6,4,95000.0,94000.0,94000.0,2
817,9,2,2,104000.0,103000.0,103000.0,2
817,9,5,2,108000.0,108000.0,107000.0,2
817,9,3,3,99000.0,83000.0,80000.0,3
817,9,3,2,75000.0,75000.0,74000.0,2
817,9,3,3,96000.0,96000.0,95000.0,2
817,9,4,6,92000.0,91000.0,91000.0,2
817,9,6,8,72000.0,72000.0,71000.0,2
817,9,4,3,79000.0,79000.0,79000.0,2
817,1,13,9,85000.0,85000.0,85000.0,5
817,9,6,5,83000.0,82000.0,82000.0,2
817,9,4,3,84000.0,83000.0,82000.0,4
817,1,7,6,79000.0,79000.0,79000.0,4
817,9,3,3,107000.0,106000.0,105000.0,2
817,4,9,6,93000.0,93000.0,93000.0,5
817,9,9,5,86000.0,85000.0,85000.0,2
817,1,6,6,75000.0,75000.0,74000.0,3
817,1,6,7,90000.0,90000.0,89000.0,3
817,4,7,5,54000.0,53000.0,53000.0,5
817,9,2,2,106000.0,105000.0,104000.0,4
817,1,6,5,87000.0,87000.0,86000.0,3
817,4,7,7,86000.0,86000.0,86000.0,5
817,9,5,5,81000.0,80000.0,80000.0,4
817,9,5,6,102000.0,101000.0,101000.0,4
817,9,8,4,86000.0,85000.0,85000.0,4
817,9,2,4,97000.0,96000.0,95000.0,3
817,9,1,2,74000.0,74000.0,73000.0,3
817,4,6,9,71000.0,71000.0,71000.0,8
817,4,13,12,78000.0,77000.0,78000.0,8
817,9,5,4,91000.0,91000.0,90000.0,3
817,9,3,4,83000.0,83000.0,82000.0,3
817,9,5,5,67000.0,66000.0,69000.0,3
817,9,4,4,91000.0,91000.0,90000.0,3
817,9,4,7,74000.0,73000.0,73000.0,3
817,9,2,7,104000.0,104000.0,103000.0,3
817,215,5,8,73000.0,72000.0,72000.0,6
817,9,4,1,95000.0,93000.0,93000.0,2
817,9,7,9,98000.0,97000.0,97000.0,5
817,9,7,6,94000.0,94000.0,93000.0,4
817,4,5,4,80000.0,79000.0,79000.0,5
817,9,4,5,77000.0,76000.0,76000.0,4
817,4,5,3,75000.0,74000.0,74000.0,3
817,4,5,10,125000.0,114000.0,111000.0,5
817,9,6,4,72000.0,71000.0,71000.0,3
817,9,6,5,77000.0,77000.0,76000.0,3
817,9,6,5,87000.0,87000.0,87000.0,3
817,4,6,7,89000.0,88000.0,88000.0,5
817,1,7,6,78000.0,77000.0,77000.0,3
818,5,6,8,93000.0,103000.0,105000.0,6
818,5,10,8,83000.0,77000.0,75000.0,7
818,5,8,9,84000.0,84000.0,84000.0,7
818,5,8,8,77000.0,76000.0,76000.0,7
818,5,9,13,100000.0,99000.0,100000.0,7
821,15,8,11,98000.0,98000.0,98000.0,7
821,15,20,14,98000.0,98000.0,98000.0,7
822,131,3,3,78000.0,77000.0,76000.0,1
822,131,10,12,102000.0,102000.0,102000.0,2
822,131,3,3,87000.0,86000.0,86000.0,2
822,131,1,2,74000.0,74000.0,73000.0,1
822,131,2,8,88000.0,88000.0,87000.0,1
822,131,3,2,89000.0,88000.0,88000.0,2
822,131,2,2,72000.0,72000.0,71000.0,1
822,131,2,7,91000.0,91000.0,90000.0,1
822,131,5,5,72000.0,72000.0,71000.0,1
822,131,2,2,77000.0,77000.0,76000.0,1
822,131,2,2,71000.0,71000.0,70000.0,1
822,131,4,4,87000.0,86000.0,86000.0,2
822,51,9,8,86000.0,85000.0,85000.0,8
822,131,1,3,78000.0,78000.0,78000.0,1
822,3,7,5,84000.0,84000.0,83000.0,4
822,3,5,10,97000.0,96000.0,96000.0,4
822,131,2,3,71000.0,70000.0,70000.0,1
822,3,8,6,104000.0,104000.0,105000.0,4
822,3,7,3,74000.0,73000.0,73000.0,4
822,3,2,4,97000.0,97000.0,96000.0,4
822,3,8,8,108000.0,107000.0,107000.0,5
822,131,4,3,105000.0,103000.0,103000.0,1
822,3,6,5,71000.0,69000.0,69000.0,3
822,3,8,5,100000.0,100000.0,113000.0,3
822,3,5,6,98000.0,97000.0,97000.0,3
822,3,4,4,87000.0,86000.0,85000.0,3
822,3,4,3,76000.0,75000.0,75000.0,3
822,3,3,9,109000.0,109000.0,108000.0,3
822,3,6,4,84000.0,84000.0,84000.0,3
822,131,1,2,92000.0,92000.0,91000.0,1
822,131,2,2,89000.0,87000.0,88000.0,1
822,131,4,2,95000.0,95000.0,97000.0,1
822,131,2,5,96000.0,96000.0,94000.0,1
822,131,2,1,82000.0,81000.0,80000.0,1
822,131,4,2,89000.0,88000.0,88000.0,1
822,131,3,5,104000.0,103000.0,103000.0,1
822,131,6,4,89000.0,88000.0,87000.0,1
822,51,7,17,94000.0,93000.0,93000.0,9
822,131,3,3,70000.0,69000.0,69000.0,1
822,131,19,3,80000.0,80000.0,79000.0,1
822,131,2,2,75000.0,75000.0,75000.0,1
822,131,5,3,64000.0,64000.0,64000.0,2
822,131,1,3,69000.0,68000.0,68000.0,1
822,131,2,5,79000.0,78000.0,78000.0,1
822,3,3,5,94000.0,93000.0,93000.0,3
822,131,4,2,93000.0,93000.0,92000.0,1
822,3,7,5,106000.0,105000.0,105000.0,3
822,3,6,13,83000.0,83000.0,83000.0,3
822,3,4,5,94000.0,93000.0,93000.0,3
822,131,1,1,93000.0,93000.0,92000.0,1
822,131,1,1,64000.0,63000.0,62000.0,1
822,3,3,6,94000.0,93000.0,93000.0,3
822,51,7,6,80000.0,80000.0,79000.0,5
822,131,3,1,88000.0,87000.0,87000.0,1
822,131,6,3,77000.0,75000.0,75000.0,1
822,3,3,3,102000.0,101000.0,101000.0,3
822,3,8,11,107000.0,106000.0,106000.0,3
822,3,5,4,94000.0,93000.0,93000.0,3
822,3,3,5,98000.0,97000.0,96000.0,3
822,131,3,6,93000.0,92000.0,91000.0,1
822,131,3,1,94000.0,93000.0,93000.0,1
822,131,3,5,68000.0,67000.0,67000.0,1
822,131,1,1,65000.0,64000.0,64000.0,1
822,131,3,2,72000.0,72000.0,72000.0,1
822,131,1,3,91000.0,89000.0,88000.0,2
822,131,2,2,103000.0,101000.0,101000.0,1
822,131,9,2,99000.0,88000.0,87000.0,1
822,3,7,7,116000.0,116000.0,116000.0,6
822,131,9,6,94000.0,93000.0,93000.0,1
822,131,6,6,83000.0,83000.0,83000.0,1
822,131,2,3,88000.0,88000.0,87000.0,1
822,131,2,2,102000.0,102000.0,101000.0,1
822,131,1,1,85000.0,83000.0,82000.0,1
822,131,4,4,99000.0,97000.0,96000.0,1
822,3,15,5,91000.0,103000.0,108000.0,4
822,131,2,3,77000.0,76000.0,75000.0,1
822,131,1,3,86000.0,85000.0,85000.0,1
822,3,9,8,97000.0,97000.0,97000.0,9
822,131,1,1,102000.0,101000.0,100000.0,1
822,131,2,11,85000.0,85000.0,84000.0,1
822,51,7,5,80000.0,80000.0,90000.0,5
822,131,1,2,76000.0,75000.0,75000.0,1
822,3,5,6,83000.0,82000.0,82000.0,4
822,131,3,3,64000.0,63000.0,63000.0,1
822,131,2,2,90000.0,89000.0,88000.0,1
822,131,1,2,92000.0,91000.0,91000.0,1
822,3,8,8,80000.0,79000.0,79000.0,5
822,3,2,2,78000.0,77000.0,76000.0,3
822,131,20,4,96000.0,95000.0,94000.0,1
822,3,4,5,88000.0,87000.0,86000.0,5
822,51,6,6,91000.0,91000.0,91000.0,4
822,3,3,3,99000.0,98000.0,98000.0,3
822,3,3,4,86000.0,84000.0,84000.0,3
822,3,2,3,70000.0,69000.0,68000.0,5
822,3,3,8,94000.0,94000.0,94000.0,6
822,51,5,7,90000.0,89000.0,89000.0,5
822,131,2,3,75000.0,74000.0,73000.0,1
822,131,4,2,78000.0,78000.0,80000.0,1
822,3,4,7,76000.0,75000.0,75000.0,6
822,3,6,3,129000.0,128000.0,128000.0,4
822,131,3,5,94000.0,93000.0,92000.0,1
822,3,3,8,85000.0,83000.0,83000.0,4
822,131,4,2,77000.0,77000.0,76000.0,1
822,51,9,15,78000.0,78000.0,78000.0,9
822,131,3,3,84000.0,83000.0,82000.0,2
822,131,3,4,73000.0,72000.0,72000.0,2
822,131,4,3,81000.0,80000.0,79000.0,1
822,131,1,8,53000.0,53000.0,53000.0,1
822,131,2,2,95000.0,95000.0,95000.0,1
822,131,3,3,91000.0,90000.0,89000.0,1
822,131,1,2,85000.0,85000.0,85000.0,1
822,131,5,5,97000.0,97000.0,97000.0,1
822,131,3,2,80000.0,80000.0,79000.0,1
822,3,6,3,80000.0,80000.0,80000.0,3
822,131,6,4,71000.0,71000.0,71000.0,1
822,131,3,1,92000.0,92000.0,91000.0,1
822,131,3,4,91000.0,90000.0,90000.0,2
822,131,2,2,76000.0,76000.0,76000.0,1
822,131,5,2,64000.0,64000.0,64000.0,2
822,131,16,5,106000.0,105000.0,104000.0,1
822,131,2,5,77000.0,92000.0,95000.0,1
822,131,1,2,69000.0,68000.0,68000.0,1
822,131,3,2,92000.0,92000.0,91000.0,1
822,131,1,1,97000.0,96000.0,96000.0,1
822,131,6,3,103000.0,101000.0,100000.0,1
822,131,5,5,92000.0,90000.0,90000.0,1
822,131,3,5,95000.0,93000.0,93000.0,1
825,210,9,8,103000.0,103000.0,124000.0,5
825,210,6,10,92000.0,91000.0,91000.0,8
825,210,5,11,73000.0,72000.0,72000.0,6
825,210,8,9,80000.0,79000.0,89000.0,8
825,1,6,7,70000.0,69000.0,69000.0,6
825,210,4,10,87000.0,87000.0,87000.0,7
825,210,8,11,93000.0,93000.0,93000.0,6
825,210,10,9,81000.0,81000.0,81000.0,7
825,210,9,12,115000.0,114000.0,111000.0,8
825,210,7,5,91000.0,91000.0,91000.0,3
825,1,4,2,90000.0,103000.0,105000.0,1
825,210,8,7,77000.0,77000.0,76000.0,6
825,1,5,7,102000.0,97000.0,98000.0,6
825,1,5,10,86000.0,85000.0,85000.0,5
825,210,10,9,89000.0,89000.0,89000.0,5
825,210,9,11,68000.0,68000.0,69000.0,9
825,1,11,5,99000.0,99000.0,99000.0,5
825,1,7,12,131000.0,128000.0,128000.0,5
825,1,7,9,71000.0,71000.0,70000.0,5
825,210,7,7,77000.0,77000.0,76000.0,6
825,1,7,8,98000.0,98000.0,97000.0,5
825,210,7,9,88000.0,87000.0,87000.0,5
825,210,6,5,89000.0,89000.0,89000.0,7
825,210,9,6,92000.0,91000.0,92000.0,7
825,210,8,13,94000.0,93000.0,93000.0,10
825,210,7,6,82000.0,82000.0,82000.0,4
825,210,5,17,92000.0,86000.0,82000.0,9
825,1,9,10,107000.0,106000.0,106000.0,6
826,9,4,6,105000.0,104000.0,104000.0,4
826,5,10,14,107000.0,106000.0,107000.0,7
826,9,9,10,102000.0,102000.0,101000.0,4
826,5,7,7,71000.0,71000.0,71000.0,7
826,5,8,9,93000.0,104000.0,107000.0,6
826,9,4,4,80000.0,80000.0,80000.0,4
826,5,9,9,101000.0,96000.0,100000.0,7
826,5,7,9,105000.0,104000.0,104000.0,7
826,213,6,7,54000.0,53000.0,53000.0,7
826,9,6,3,97000.0,96000.0,96000.0,3
826,5,9,9,77000.0,77000.0,77000.0,9
826,9,7,2,83000.0,83000.0,83000.0,4
826,9,7,6,94000.0,93000.0,93000.0,4
826,213,8,4,75000.0,75000.0,74000.0,7
826,9,5,4,76000.0,76000.0,76000.0,4
830,5,6,7,100000.0,101000.0,111000.0,5
830,9,4,6,83000.0,82000.0,82000.0,3
830,9,2,6,76000.0,76000.0,76000.0,3
830,9,5,5,93000.0,93000.0,92000.0,3
830,9,3,1,75000.0,74000.0,74000.0,2
830,9,1,2,90000.0,90000.0,88000.0,2
830,5,9,4,84000.0,83000.0,83000.0,7
830,9,6,5,103000.0,102000.0,102000.0,2
830,9,1,1,95000.0,95000.0,95000.0,2
830,9,3,2,88000.0,88000.0,87000.0,2
830,9,2,1,71000.0,70000.0,70000.0,1
830,9,2,2,78000.0,76000.0,76000.0,2
830,9,7,6,80000.0,79000.0,80000.0,1
830,5,5,10,86000.0,85000.0,85000.0,7
830,9,4,3,75000.0,75000.0,74000.0,2
830,9,4,5,100000.0,82000.0,80000.0,3
830,9,4,5,85000.0,85000.0,85000.0,3
830,9,1,1,79000.0,78000.0,77000.0,1
830,9,4,4,101000.0,101000.0,101000.0,3
830,9,2,6,117000.0,110000.0,108000.0,2
830,9,2,1,72000.0,71000.0,71000.0,1
830,9,2,11,108000.0,107000.0,106000.0,2
830,9,5,4,89000.0,89000.0,88000.0,3
830,9,5,4,93000.0,92000.0,92000.0,3
830,9,4,3,82000.0,81000.0,81000.0,3
830,9,2,1,95000.0,95000.0,94000.0,1
830,9,2,1,75000.0,75000.0,74000.0,3
830,9,5,2,68000.0,68000.0,67000.0,3
830,9,6,3,97000.0,96000.0,95000.0,3
830,9,3,3,89000.0,88000.0,89000.0,3
830,9,5,5,81000.0,80000.0,80000.0,3
830,9,2,2,98000.0,97000.0,96000.0,3
830,9,1,2,75000.0,75000.0,74000.0,3
830,9,2,1,72000.0,72000.0,72000.0,3
830,9,4,4,91000.0,90000.0,89000.0,3
830,9,2,1,63000.0,63000.0,63000.0,3
830,9,3,4,71000.0,70000.0,70000.0,3
830,9,1,1,89000.0,87000.0,86000.0,1
830,9,1,1,71000.0,70000.0,70000.0,1
830,9,1,1,90000.0,90000.0,89000.0,1
830,9,8,7,113000.0,112000.0,111000.0,1
830,9,2,2,101000.0,100000.0,100000.0,1
830,9,5,4,74000.0,73000.0,73000.0,3
830,9,11,4,114000.0,113000.0,113000.0,1
830,9,3,5,77000.0,75000.0,75000.0,1
830,9,1,1,64000.0,64000.0,63000.0,1
830,9,1,1,64000.0,63000.0,63000.0,1
830,9,3,2,91000.0,90000.0,90000.0,3
830,9,8,2,67000.0,66000.0,71000.0,3
830,9,9,8,104000.0,104000.0,105000.0,3
830,9,3,2,86000.0,85000.0,85000.0,2
830,9,3,3,76000.0,77000.0,76000.0,2
830,9,2,2,93000.0,93000.0,91000.0,2
830,9,4,2,91000.0,90000.0,90000.0,3
830,9,3,3,72000.0,71000.0,70000.0,3
830,9,1,1,70000.0,69000.0,68000.0,2
830,9,3,9,76000.0,75000.0,75000.0,2
830,9,1,1,89000.0,89000.0,88000.0,1
830,9,3,4,79000.0,78000.0,79000.0,2
830,9,3,2,92000.0,91000.0,91000.0,2
830,9,3,2,95000.0,93000.0,93000.0,2
830,9,4,6,105000.0,104000.0,103000.0,2
830,9,1,1,80000.0,78000.0,70000.0,1
830,9,1,2,65000.0,65000.0,64000.0,1
830,9,2,1,91000.0,91000.0,91000.0,1
830,9,4,3,98000.0,97000.0,96000.0,3
830,9,7,1,80000.0,81000.0,80000.0,1
830,9,1,1,80000.0,79000.0,85000.0,1
830,9,1,1,73000.0,72000.0,72000.0,1
830,9,1,1,72000.0,71000.0,71000.0,1
830,9,4,6,75000.0,76000.0,74000.0,3
830,9,9,4,93000.0,92000.0,92000.0,3
830,9,14,1,104000.0,104000.0,103000.0,1
830,9,10,1,78000.0,77000.0,78000.0,1
830,9,6,1,118000.0,112000.0,106000.0,1
830,9,2,1,78000.0,77000.0,76000.0,1
830,9,2,1,81000.0,80000.0,80000.0,1
830,9,1,1,65000.0,64000.0,64000.0,1
830,9,7,3,103000.0,102000.0,122000.0,3
830,9,4,4,73000.0,72000.0,71000.0,3
830,9,4,1,64000.0,64000.0,63000.0,3
830,9,2,2,69000.0,68000.0,68000.0,2
830,9,3,1,76000.0,76000.0,76000.0,2
830,9,1,2,87000.0,87000.0,87000.0,1
830,9,5,5,84000.0,84000.0,83000.0,3
830,9,6,4,100000.0,99000.0,99000.0,2
830,9,4,3,71000.0,71000.0,71000.0,2
830,9,1,1,75000.0,75000.0,74000.0,1
830,9,1,1,83000.0,82000.0,82000.0,2
830,9,3,2,88000.0,87000.0,87000.0,2
830,9,7,2,81000.0,81000.0,81000.0,2
830,9,1,1,88000.0,88000.0,88000.0,1
830,9,7,7,83000.0,82000.0,82000.0,2
830,9,1,5,65000.0,64000.0,64000.0,1
830,9,1,1,94000.0,93000.0,92000.0,2
830,9,2,2,84000.0,83000.0,83000.0,2
830,9,1,1,92000.0,83000.0,81000.0,1
830,9,5,5,92000.0,92000.0,91000.0,3
830,9,1,1,70000.0,70000.0,70000.0,1
830,9,5,3,77000.0,77000.0,76000.0,3
830,9,1,1,85000.0,84000.0,83000.0,1
830,9,3,1,102000.0,102000.0,101000.0,1
830,9,3,2,77000.0,76000.0,76000.0,2
830,9,3,3,103000.0,102000.0,101000.0,2
830,9,1,1,79000.0,78000.0,87000.0,2
830,9,2,1,80000.0,79000.0,79000.0,1
830,9,4,5,73000.0,72000.0,72000.0,3
830,9,7,5,95000.0,95000.0,95000.0,3
830,9,2,1,72000.0,72000.0,72000.0,1
830,9,3,1,78000.0,77000.0,77000.0,1
830,9,4,3,72000.0,72000.0,71000.0,1
830,9,2,1,77000.0,76000.0,76000.0,3
830,9,16,4,94000.0,94000.0,93000.0,3
830,9,4,5,69000.0,69000.0,68000.0,3
830,9,6,5,98000.0,97000.0,97000.0,3
830,9,4,6,83000.0,82000.0,81000.0,3
830,9,6,1,95000.0,95000.0,95000.0,1
830,5,8,8,106000.0,105000.0,105000.0,7
830,9,4,1,83000.0,83000.0,83000.0,3
830,9,4,2,91000.0,86000.0,86000.0,1
830,5,9,8,98000.0,97000.0,97000.0,6
830,9,1,1,84000.0,83000.0,83000.0,1
830,9,2,2,96000.0,96000.0,95000.0,3
830,9,1,1,68000.0,67000.0,67000.0,3
830,9,3,3,93000.0,93000.0,92000.0,3
830,9,2,7,99000.0,100000.0,101000.0,1
830,9,7,2,75000.0,74000.0,74000.0,2
830,9,3,2,86000.0,86000.0,85000.0,2
830,9,2,3,78000.0,77000.0,80000.0,3
830,9,3,1,89000.0,89000.0,88000.0,2
830,9,2,1,94000.0,93000.0,93000.0,1
830,9,4,2,89000.0,88000.0,88000.0,3
830,9,3,1,91000.0,90000.0,90000.0,3
830,9,1,1,88000.0,88000.0,87000.0,1
830,9,1,1,90000.0,89000.0,89000.0,1
830,9,4,1,87000.0,86000.0,86000.0,2
830,9,4,1,88000.0,88000.0,88000.0,3
830,9,5,5,77000.0,77000.0,76000.0,3
830,9,4,4,98000.0,89000.0,88000.0,3
830,9,1,1,94000.0,93000.0,93000.0,1
830,9,2,2,90000.0,89000.0,89000.0,2
830,9,1,1,91000.0,91000.0,89000.0,1
830,9,2,2,71000.0,70000.0,70000.0,1
830,5,8,9,80000.0,80000.0,80000.0,7
830,5,9,10,99000.0,99000.0,98000.0,7
830,9,2,1,81000.0,80000.0,80000.0,3
830,9,4,3,77000.0,76000.0,76000.0,3
830,9,3,6,73000.0,70000.0,71000.0,1
830,9,1,1,77000.0,77000.0,76000.0,1
830,9,2,3,93000.0,92000.0,92000.0,2
830,9,3,2,79000.0,78000.0,78000.0,2
830,9,1,1,84000.0,84000.0,83000.0,1
830,9,1,1,91000.0,90000.0,89000.0,1
831,15,9,8,98000.0,98000.0,98000.0,4
832,6,1,1,76000.0,76000.0,75000.0,2
832,6,2,3,93000.0,92000.0,92000.0,2
832,6,8,8,91000.0,90000.0,90000.0,4
832,5,0,10,77000.0,76000.0,76000.0,8
832,6,3,2,91000.0,90000.0,90000.0,1
832,1,7,13,86000.0,86000.0,85000.0,3
832,6,3,3,88000.0,88000.0,88000.0,1
832,6,4,5,102000.0,101000.0,101000.0,4
832,6,4,3,114000.0,113000.0,109000.0,2
832,4,7,8,81000.0,81000.0,81000.0,4
832,6,2,1,76000.0,76000.0,76000.0,2
832,5,10,4,102000.0,101000.0,102000.0,6
832,6,3,5,87000.0,87000.0,87000.0,4
832,1,7,5,73000.0,72000.0,72000.0,4
832,1,6,6,91000.0,90000.0,89000.0,4
832,1,9,6,71000.0,71000.0,71000.0,4
832,6,4,8,72000.0,72000.0,71000.0,4
832,6,3,8,71000.0,70000.0,70000.0,2
832,1,7,12,98000.0,97000.0,97000.0,4
832,6,2,3,107000.0,106000.0,102000.0,4
832,1,3,2,80000.0,79000.0,79000.0,3
832,6,6,5,81000.0,79000.0,71000.0,4
832,4,7,8,92000.0,92000.0,92000.0,4
832,4,8,12,73000.0,73000.0,72000.0,4
832,4,7,7,95000.0,94000.0,94000.0,7
832,6,3,4,79000.0,79000.0,79000.0,2
832,6,6,6,81000.0,80000.0,80000.0,4
832,6,5,11,92000.0,91000.0,90000.0,4
832,1,10,5,87000.0,86000.0,86000.0,4
832,6,7,6,115000.0,114000.0,114000.0,3
832,6,4,6,77000.0,75000.0,75000.0,3
832,6,11,5,82000.0,79000.0,89000.0,4
832,6,4,3,89000.0,89000.0,89000.0,2
832,6,2,3,90000.0,89000.0,88000.0,1
832,6,12,6,93000.0,93000.0,92000.0,3
832,1,8,5,64000.0,63000.0,63000.0,2
832,6,7,6,70000.0,70000.0,71000.0,3
832,6,2,4,78000.0,77000.0,77000.0,2
832,6,1,3,105000.0,105000.0,104000.0,2
832,6,1,3,81000.0,80000.0,80000.0,3
832,6,1,1,92000.0,91000.0,90000.0,3
832,6,5,7,94000.0,94000.0,93000.0,4
832,6,4,3,95000.0,95000.0,94000.0,3
832,6,3,5,87000.0,87000.0,87000.0,2
832,6,2,2,72000.0,72000.0,71000.0,2
832,6,18,4,81000.0,80000.0,80000.0,2
832,6,3,6,65000.0,64000.0,64000.0,4
832,6,5,10,89000.0,88000.0,87000.0,4
832,6,2,5,73000.0,72000.0,72000.0,4
832,1,5,6,94000.0,93000.0,93000.0,4
832,1,7,5,89000.0,88000.0,88000.0,4
832,6,3,2,92000.0,85000.0,82000.0,2
832,6,10,6,87000.0,86000.0,87000.0,4
832,6,3,2,83000.0,82000.0,82000.0,2
832,6,3,2,93000.0,92000.0,92000.0,3
832,6,7,6,81000.0,81000.0,81000.0,2
832,6,5,11,79000.0,78000.0,79000.0,4
832,6,4,4,85000.0,84000.0,84000.0,2
832,5,6,6,73000.0,73000.0,73000.0,5
832,6,4,5,76000.0,75000.0,75000.0,2
832,6,7,5,94000.0,94000.0,94000.0,2
832,6,4,3,89000.0,89000.0,88000.0,2
832,6,5,7,82000.0,82000.0,81000.0,3
832,6,3,6,69000.0,69000.0,68000.0,3
832,4,9,5,103000.0,103000.0,103000.0,5
832,6,6,6,90000.0,90000.0,89000.0,3
832,4,9,9,93000.0,92000.0,92000.0,5
832,4,8,10,72000.0,72000.0,72000.0,4
832,6,2,4,78000.0,78000.0,77000.0,3
832,4,9,10,83000.0,83000.0,83000.0,5
832,6,5,3,83000.0,83000.0,82000.0,3
832,6,1,1,100000.0,101000.0,100000.0,2
832,6,6,6,72000.0,71000.0,71000.0,2
832,5,10,6,97000.0,97000.0,97000.0,7
832,6,4,3,65000.0,65000.0,64000.0,2
832,6,7,3,74000.0,70000.0,72000.0,2
832,5,7,8,92000.0,91000.0,91000.0,6
832,1,8,4,54000.0,53000.0,54000.0,4
832,6,5,8,102000.0,101000.0,101000.0,3
832,6,5,5,79000.0,78000.0,78000.0,2
832,1,10,7,75000.0,75000.0,74000.0,4
832,6,5,12,77000.0,77000.0,77000.0,4
832,6,4,6,89000.0,88000.0,88000.0,4
832,6,4,4,90000.0,90000.0,90000.0,4
832,5,8,6,84000.0,84000.0,83000.0,5
832,6,7,5,90000.0,86000.0,86000.0,2
832,5,8,9,97000.0,97000.0,96000.0,6
832,1,6,6,96000.0,96000.0,95000.0,3
832,6,6,7,78000.0,77000.0,77000.0,4
832,6,5,4,80000.0,79000.0,79000.0,3
832,5,10,11,102000.0,102000.0,102000.0,7
832,5,7,9,87000.0,85000.0,85000.0,7
832,6,4,2,71000.0,70000.0,70000.0,4
838,1,9,7,102000.0,101000.0,101000.0,9
839,4,7,9,89000.0,88000.0,88000.0,5
839,214,8,10,72000.0,72000.0,72000.0,7
839,214,10,12,65000.0,65000.0,65000.0,8
839,214,8,7,85000.0,85000.0,84000.0,4
839,214,16,8,74000.0,71000.0,72000.0,4
839,214,6,7,79000.0,78000.0,79000.0,5
839,214,9,9,83000.0,83000.0,83000.0,5
839,214,6,8,89000.0,89000.0,89000.0,5
839,10,10,7,95000.0,95000.0,95000.0,4
839,214,8,7,79000.0,79000.0,79000.0,5
839,4,6,5,103000.0,102000.0,102000.0,6
839,214,10,12,72000.0,72000.0,73000.0,6
839,214,9,5,82000.0,82000.0,82000.0,5
839,10,6,6,73000.0,72000.0,72000.0,6
839,214,8,7,85000.0,84000.0,84000.0,6
839,214,9,4,88000.0,88000.0,88000.0,5
839,10,6,6,95000.0,95000.0,94000.0,4
839,214,7,6,93000.0,86000.0,83000.0,5
839,214,3,3,72000.0,72000.0,71000.0,5
839,4,7,7,93000.0,93000.0,92000.0,5
839,10,9,8,98000.0,98000.0,98000.0,4
839,10,5,6,90000.0,89000.0,89000.0,4
839,214,5,4,90000.0,90000.0,90000.0,4
839,214,8,9,87000.0,87000.0,87000.0,6
839,214,6,5,66000.0,65000.0,65000.0,5
839,214,8,1,77000.0,76000.0,76000.0,5
839,10,3,6,104000.0,103000.0,121000.0,9
839,10,10,7,88000.0,87000.0,88000.0,6
839,10,3,6,98000.0,97000.0,97000.0,4
839,10,9,9,105000.0,105000.0,105000.0,4
839,10,8,6,81000.0,81000.0,81000.0,7
839,214,5,6,90000.0,89000.0,89000.0,4
839,214,6,8,73000.0,73000.0,73000.0,5
839,10,11,9,89000.0,89000.0,90000.0,7
839,214,6,8,82000.0,80000.0,87000.0,5
839,214,16,7,106000.0,105000.0,105000.0,4
839,4,9,6,86000.0,86000.0,86000.0,6
839,10,7,6,103000.0,102000.0,102000.0,4
839,214,9,9,115000.0,114000.0,114000.0,8
839,10,9,6,73000.0,73000.0,73000.0,4
839,214,4,2,89000.0,86000.0,84000.0,6
839,214,9,9,75000.0,75000.0,75000.0,7
840,117,9,6,77000.0,76000.0,77000.0,5
840,117,7,11,108000.0,106000.0,104000.0,7
840,211,9,9,103000.0,102000.0,102000.0,4
840,117,5,6,73000.0,73000.0,72000.0,3
840,211,6,6,87000.0,86000.0,86000.0,5
840,117,0,10,90000.0,89000.0,90000.0,9
840,117,9,7,102000.0,101000.0,101000.0,2
840,3,2,7,97000.0,97000.0,97000.0,5
840,117,3,5,70000.0,70000.0,71000.0,5
840,211,3,4,74000.0,75000.0,74000.0,4
840,117,8,9,85000.0,84000.0,84000.0,7
840,117,6,4,77000.0,77000.0,77000.0,2
840,117,8,7,91000.0,86000.0,86000.0,5
840,117,8,10,77000.0,76000.0,76000.0,5
840,211,1,9,127000.0,113000.0,107000.0,3
840,117,9,7,73000.0,72000.0,72000.0,5
840,117,8,6,91000.0,91000.0,90000.0,2
840,211,10,3,54000.0,53000.0,54000.0,3
840,211,8,10,96000.0,96000.0,96000.0,4
840,3,8,3,103000.0,102000.0,102000.0,5
840,117,6,9,65000.0,65000.0,64000.0,3
840,211,6,9,86000.0,86000.0,85000.0,5
840,117,10,9,119000.0,112000.0,108000.0,3
840,211,8,3,80000.0,79000.0,80000.0,4
840,117,10,10,91000.0,90000.0,90000.0,6
841,51,10,9,88000.0,88000.0,88000.0,9
841,51,7,13,81000.0,80000.0,80000.0,9
842,213,9,8,96000.0,96000.0,96000.0,7
842,214,5,7,83000.0,83000.0,82000.0,6
842,213,9,11,54000.0,53000.0,54000.0,7
842,213,6,6,71000.0,71000.0,70000.0,6
842,214,6,12,93000.0,93000.0,93000.0,9
842,213,6,7,91000.0,91000.0,90000.0,5
842,214,9,9,89000.0,89000.0,89000.0,5
842,9,6,6,93000.0,92000.0,92000.0,3
842,9,6,6,77000.0,76000.0,76000.0,3
842,214,7,9,72000.0,72000.0,71000.0,7
842,214,7,6,96000.0,95000.0,95000.0,6
842,214,7,12,85000.0,84000.0,84000.0,6
842,213,6,5,103000.0,103000.0,102000.0,7
842,213,5,4,76000.0,76000.0,76000.0,6
842,214,4,11,94000.0,93000.0,93000.0,6
842,5,10,7,72000.0,72000.0,72000.0,7
842,214,10,10,73000.0,73000.0,72000.0,5
842,9,5,4,86000.0,86000.0,85000.0,3
842,213,5,5,76000.0,76000.0,76000.0,6
842,213,10,1,80000.0,79000.0,80000.0,7
842,213,6,6,88000.0,88000.0,88000.0,6
842,213,4,6,84000.0,83000.0,83000.0,6
842,214,7,7,73000.0,72000.0,71000.0,5
842,213,7,11,87000.0,86000.0,86000.0,7
842,213,5,8,82000.0,82000.0,82000.0,8
842,213,7,10,115000.0,113000.0,111000.0,9
842,214,5,8,88000.0,87000.0,87000.0,6
842,214,9,10,65000.0,65000.0,65000.0,5
842,213,9,8,89000.0,89000.0,89000.0,7
842,214,10,13,84000.0,84000.0,84000.0,6
842,5,6,6,78000.0,91000.0,97000.0,8
842,213,9,9,93000.0,93000.0,93000.0,7
842,9,8,5,71000.0,71000.0,71000.0,3
842,213,8,6,88000.0,89000.0,88000.0,7
842,5,5,4,90000.0,89000.0,89000.0,6
842,5,6,2,68000.0,68000.0,68000.0,6
842,213,9,10,79000.0,79000.0,79000.0,6
842,213,5,7,75000.0,74000.0,74000.0,5
842,213,6,9,64000.0,64000.0,64000.0,5
842,213,4,3,102000.0,101000.0,101000.0,5
844,6,4,4,94000.0,93000.0,93000.0,4
844,6,8,4,89000.0,89000.0,88000.0,2
844,6,3,4,84000.0,84000.0,83000.0,4
844,6,8,5,76000.0,77000.0,76000.0,3
844,6,5,5,72000.0,72000.0,71000.0,2
844,6,4,5,92000.0,92000.0,91000.0,2
844,15,7,7,68000.0,68000.0,68000.0,8
844,15,7,7,93000.0,93000.0,93000.0,9
844,6,7,7,87000.0,86000.0,87000.0,4
844,6,1,3,101000.0,101000.0,100000.0,4
844,6,3,3,85000.0,85000.0,85000.0,2
844,6,5,4,81000.0,80000.0,80000.0,4
844,6,1,3,93000.0,92000.0,91000.0,2
844,6,3,3,75000.0,75000.0,74000.0,2
844,6,1,2,81000.0,81000.0,80000.0,2
844,6,6,6,72000.0,72000.0,71000.0,4
844,6,2,3,88000.0,87000.0,87000.0,2
844,6,1,4,72000.0,71000.0,71000.0,2
844,6,2,6,78000.0,79000.0,88000.0,1
844,6,5,5,85000.0,85000.0,84000.0,3
844,6,1,4,76000.0,76000.0,75000.0,2
844,6,7,6,79000.0,79000.0,78000.0,2
844,6,1,3,78000.0,77000.0,77000.0,3
844,6,2,2,84000.0,83000.0,83000.0,3
844,6,12,7,89000.0,88000.0,88000.0,4
844,6,1,2,102000.0,102000.0,101000.0,3
844,6,6,5,89000.0,86000.0,84000.0,2
844,6,6,3,71000.0,70000.0,70000.0,3
844,6,4,4,93000.0,93000.0,92000.0,2
844,6,6,4,77000.0,75000.0,75000.0,3
844,6,1,3,115000.0,114000.0,113000.0,3
844,15,8,7,97000.0,96000.0,96000.0,8
844,6,12,3,95000.0,95000.0,94000.0,2
844,6,1,3,88000.0,88000.0,87000.0,2
844,6,5,5,77000.0,76000.0,76000.0,2
844,6,5,5,82000.0,81000.0,81000.0,2
844,6,1,4,102000.0,101000.0,101000.0,3
844,6,4,3,76000.0,76000.0,76000.0,2
844,6,3,4,99000.0,101000.0,101000.0,2
844,6,1,1,103000.0,102000.0,102000.0,2
844,6,1,1,80000.0,79000.0,79000.0,2
844,6,4,4,76000.0,75000.0,75000.0,2
844,6,2,4,90000.0,89000.0,89000.0,2
844,6,4,2,76000.0,76000.0,76000.0,2
844,6,1,2,93000.0,92000.0,92000.0,3
844,6,1,2,89000.0,89000.0,88000.0,1
844,6,3,6,78000.0,77000.0,77000.0,2
844,6,2,3,88000.0,88000.0,87000.0,2
844,6,6,5,69000.0,68000.0,68000.0,3
844,6,3,4,81000.0,80000.0,80000.0,3
844,6,6,7,78000.0,77000.0,76000.0,4
844,6,3,4,92000.0,92000.0,91000.0,3
844,6,1,3,118000.0,112000.0,106000.0,4
844,6,4,3,86000.0,86000.0,85000.0,4
844,6,7,10,83000.0,83000.0,83000.0,3
844,6,4,7,88000.0,88000.0,88000.0,3
844,6,5,8,76000.0,76000.0,76000.0,6
844,6,1,2,64000.0,63000.0,63000.0,2
844,6,1,2,114000.0,112000.0,109000.0,2
844,6,2,3,71000.0,70000.0,70000.0,2
844,6,15,6,105000.0,104000.0,104000.0,2
844,6,2,3,90000.0,90000.0,89000.0,2
844,6,4,9,89000.0,88000.0,87000.0,4
844,6,3,3,71000.0,71000.0,70000.0,2
844,6,2,2,89000.0,88000.0,88000.0,1
844,6,2,2,65000.0,65000.0,64000.0,4
844,6,1,1,91000.0,90000.0,90000.0,1
844,6,8,6,79000.0,78000.0,79000.0,4
844,6,3,3,90000.0,89000.0,88000.0,2
844,6,7,5,75000.0,75000.0,74000.0,6
844,6,3,2,85000.0,84000.0,84000.0,2
844,6,8,4,87000.0,86000.0,86000.0,3
844,6,1,1,78000.0,78000.0,77000.0,1
844,15,8,10,92000.0,92000.0,92000.0,9
844,6,2,1,65000.0,65000.0,65000.0,2
844,6,1,2,98000.0,96000.0,96000.0,2
844,6,6,4,94000.0,94000.0,94000.0,2
844,6,4,4,77000.0,77000.0,77000.0,6
844,6,4,7,86000.0,86000.0,86000.0,6
844,6,4,1,80000.0,80000.0,79000.0,3
844,6,5,2,81000.0,81000.0,80000.0,2
844,6,4,4,90000.0,89000.0,89000.0,3
844,6,4,2,87000.0,86000.0,86000.0,4
844,6,4,4,78000.0,77000.0,77000.0,4
844,6,6,11,65000.0,65000.0,65000.0,2
844,6,7,2,64000.0,64000.0,63000.0,3
844,6,4,4,93000.0,92000.0,92000.0,2
844,6,4,1,93000.0,92000.0,92000.0,3
844,6,4,6,90000.0,90000.0,89000.0,4
844,6,3,3,96000.0,95000.0,95000.0,2
844,6,4,4,75000.0,74000.0,74000.0,4
846,1,7,5,78000.0,78000.0,79000.0,3
846,1,1,1,83000.0,83000.0,82000.0,1
846,1,1,4,93000.0,92000.0,92000.0,1
846,1,1,1,90000.0,90000.0,89000.0,1
846,1,7,3,75000.0,74000.0,74000.0,3
846,1,8,7,93000.0,93000.0,93000.0,4
846,1,3,3,64000.0,63000.0,63000.0,2
846,1,6,6,101000.0,101000.0,102000.0,4
846,1,1,3,79000.0,79000.0,79000.0,2
846,1,3,3,91000.0,86000.0,86000.0,3
846,1,1,2,77000.0,75000.0,75000.0,2
846,1,9,8,75000.0,75000.0,74000.0,4
846,1,9,4,89000.0,88000.0,88000.0,3
846,1,7,6,85000.0,84000.0,84000.0,5
846,1,7,6,90000.0,89000.0,89000.0,4
846,1,4,4,65000.0,65000.0,64000.0,6
846,1,5,5,86000.0,86000.0,85000.0,3
846,1,4,2,94000.0,94000.0,94000.0,3
846,1,7,13,81000.0,79000.0,88000.0,6
846,1,9,7,98000.0,97000.0,98000.0,4
846,1,9,5,78000.0,78000.0,80000.0,2
846,1,7,8,94000.0,93000.0,93000.0,4
846,1,4,7,78000.0,78000.0,77000.0,5
846,1,5,3,80000.0,79000.0,89000.0,4
846,1,6,8,88000.0,88000.0,88000.0,3
846,1,7,7,119000.0,112000.0,107000.0,5
846,1,5,7,92000.0,92000.0,92000.0,5
846,1,10,9,87000.0,86000.0,86000.0,4
846,1,2,7,81000.0,79000.0,71000.0,5
846,1,4,2,92000.0,91000.0,91000.0,5
846,1,9,8,81000.0,81000.0,80000.0,5
846,1,3,2,78000.0,77000.0,76000.0,5
846,1,3,7,83000.0,83000.0,82000.0,4
846,1,7,7,85000.0,84000.0,83000.0,3
846,1,7,7,71000.0,71000.0,71000.0,5
846,1,3,2,72000.0,72000.0,72000.0,3
846,1,3,3,77000.0,76000.0,76000.0,3
846,1,3,5,89000.0,88000.0,88000.0,3
846,1,7,10,88000.0,88000.0,88000.0,4
846,1,2,2,88000.0,88000.0,86000.0,5
846,1,10,7,103000.0,102000.0,102000.0,3
846,1,2,2,75000.0,75000.0,74000.0,3
846,1,17,12,105000.0,105000.0,106000.0,5
846,1,7,9,102000.0,101000.0,101000.0,5
846,1,6,4,115000.0,113000.0,110000.0,4
846,1,3,7,82000.0,81000.0,81000.0,5
846,1,10,10,90000.0,90000.0,91000.0,5
846,1,3,2,80000.0,80000.0,79000.0,3
846,1,7,8,94000.0,93000.0,93000.0,3
846,1,6,4,80000.0,79000.0,79000.0,3
846,1,4,5,79000.0,79000.0,78000.0,4
846,1,5,5,84000.0,83000.0,83000.0,4
846,1,2,2,95000.0,95000.0,94000.0,4
846,1,5,6,72000.0,72000.0,71000.0,4
846,1,6,2,70000.0,70000.0,71000.0,4
846,1,3,2,90000.0,90000.0,89000.0,5
846,1,6,6,96000.0,96000.0,95000.0,5
846,1,8,11,86000.0,86000.0,86000.0,4
846,1,1,7,107000.0,105000.0,101000.0,3
846,1,5,1,87000.0,87000.0,87000.0,3
846,1,9,6,89000.0,89000.0,89000.0,5
846,1,7,8,102000.0,102000.0,101000.0,4
846,1,5,4,87000.0,87000.0,86000.0,3
846,1,2,3,64000.0,64000.0,63000.0,3
846,1,8,5,91000.0,91000.0,91000.0,3
846,1,4,5,115000.0,114000.0,113000.0,2
846,1,1,2,72000.0,71000.0,71000.0,3
846,1,1,1,71000.0,70000.0,69000.0,2
846,1,9,5,102000.0,101000.0,101000.0,4
846,1,5,3,71000.0,71000.0,70000.0,3
846,1,1,6,90000.0,84000.0,83000.0,1
846,1,4,5,96000.0,95000.0,95000.0,3
846,1,3,2,76000.0,76000.0,76000.0,1
846,1,3,10,81000.0,80000.0,80000.0,1
846,1,7,4,90000.0,90000.0,89000.0,3
846,1,6,6,93000.0,93000.0,93000.0,1
847,131,4,3,80000.0,79000.0,79000.0,3
847,131,6,3,79000.0,79000.0,78000.0,2
847,131,6,5,72000.0,72000.0,72000.0,3
847,131,4,3,84000.0,84000.0,83000.0,2
847,131,5,5,96000.0,95000.0,95000.0,2
847,131,4,4,72000.0,71000.0,71000.0,4
847,131,20,6,93000.0,93000.0,92000.0,4
847,131,4,7,71000.0,70000.0,70000.0,4
847,131,3,7,80000.0,79000.0,79000.0,4
847,3,3,10,108000.0,106000.0,102000.0,8
847,131,2,4,79000.0,78000.0,78000.0,3
847,131,1,1,74000.0,71000.0,72000.0,3
847,131,4,5,96000.0,95000.0,94000.0,3
847,131,6,4,88000.0,87000.0,87000.0,3
847,131,3,1,65000.0,65000.0,64000.0,4
847,131,8,5,72000.0,72000.0,71000.0,3
847,131,6,5,89000.0,88000.0,87000.0,2
847,131,6,2,71000.0,70000.0,71000.0,3
847,131,8,8,90000.0,90000.0,90000.0,3
847,131,3,5,90000.0,89000.0,89000.0,3
847,131,9,4,92000.0,91000.0,92000.0,2
847,131,4,4,66000.0,65000.0,65000.0,3
847,131,2,3,81000.0,81000.0,81000.0,3
847,131,9,7,89000.0,89000.0,89000.0,4
847,131,7,8,88000.0,88000.0,88000.0,4
847,131,6,7,76000.0,75000.0,75000.0,4
847,131,8,6,95000.0,94000.0,94000.0,4
847,131,1,3,73000.0,71000.0,72000.0,4
847,131,8,6,78000.0,77000.0,77000.0,2
847,131,8,7,90000.0,90000.0,90000.0,2
847,131,2,4,85000.0,84000.0,84000.0,2
847,131,5,4,105000.0,105000.0,105000.0,3
847,131,8,4,93000.0,84000.0,83000.0,3
847,131,3,8,94000.0,93000.0,93000.0,2
847,131,7,6,88000.0,88000.0,88000.0,4
847,131,5,3,103000.0,103000.0,102000.0,3
847,131,1,3,78000.0,78000.0,77000.0,3
847,131,6,3,93000.0,92000.0,92000.0,3
847,131,8,6,119000.0,112000.0,107000.0,2
847,131,3,17,81000.0,79000.0,71000.0,2
847,131,4,5,82000.0,81000.0,80000.0,2
847,131,6,5,89000.0,89000.0,89000.0,2
847,131,2,9,54000.0,53000.0,53000.0,1
847,131,4,4,90000.0,90000.0,89000.0,4
847,131,1,4,81000.0,81000.0,80000.0,4
847,131,3,4,89000.0,89000.0,88000.0,3
847,131,6,7,91000.0,90000.0,90000.0,3
847,131,6,5,85000.0,84000.0,84000.0,3
847,131,2,4,89000.0,86000.0,83000.0,4
847,131,5,3,103000.0,102000.0,101000.0,4
847,131,1,1,93000.0,92000.0,92000.0,4
847,131,5,5,77000.0,76000.0,76000.0,4
847,131,6,5,83000.0,83000.0,83000.0,4
848,3,9,7,102000.0,102000.0,102000.0,8
848,5,10,8,72000.0,71000.0,71000.0,7
848,9,5,4,96000.0,95000.0,95000.0,2
848,3,4,8,80000.0,79000.0,71000.0,7
848,9,9,5,87000.0,86000.0,86000.0,2
848,3,6,7,81000.0,81000.0,80000.0,7
848,9,6,6,99000.0,97000.0,97000.0,3
848,9,5,6,103000.0,102000.0,102000.0,2
848,9,5,5,76000.0,76000.0,75000.0,3
848,9,6,4,89000.0,88000.0,87000.0,3
848,9,6,4,80000.0,79000.0,81000.0,3
848,9,9,15,81000.0,80000.0,80000.0,2
848,9,4,7,119000.0,112000.0,110000.0,2
848,9,4,3,88000.0,88000.0,88000.0,2
848,3,9,9,80000.0,80000.0,80000.0,9
848,9,6,15,75000.0,74000.0,74000.0,2
848,9,6,5,93000.0,92000.0,92000.0,3
848,9,5,14,68000.0,68000.0,67000.0,3
848,3,5,12,94000.0,93000.0,93000.0,7
848,9,5,6,96000.0,96000.0,95000.0,3
848,9,15,10,93000.0,93000.0,93000.0,2
848,3,9,9,91000.0,86000.0,86000.0,9
848,3,8,8,89000.0,88000.0,87000.0,7
848,3,10,11,65000.0,65000.0,65000.0,9
848,9,4,3,76000.0,75000.0,75000.0,2
848,5,9,12,86000.0,86000.0,86000.0,8
848,3,6,10,105000.0,105000.0,105000.0,10
849,3,10,12,101000.0,103000.0,123000.0,10
852,215,10,7,88000.0,88000.0,88000.0,6
852,215,10,9,77000.0,76000.0,76000.0,6
852,215,8,14,72000.0,72000.0,72000.0,6
852,213,6,8,84000.0,84000.0,83000.0,8
852,215,7,9,93000.0,93000.0,93000.0,8
852,213,7,7,102000.0,101000.0,102000.0,5
852,215,3,7,89000.0,86000.0,84000.0,8
852,213,8,4,83000.0,83000.0,83000.0,6
852,213,9,12,90000.0,90000.0,89000.0,7
852,215,8,7,77000.0,76000.0,76000.0,6
852,213,8,10,102000.0,101000.0,101000.0,9
854,210,8,13,71000.0,71000.0,71000.0,7
855,51,10,8,93000.0,86000.0,84000.0,6
855,51,10,14,79000.0,78000.0,78000.0,9
857,1,5,4,75000.0,75000.0,74000.0,3
857,1,3,4,71000.0,70000.0,70000.0,2
857,1,5,5,93000.0,93000.0,92000.0,1
857,1,4,3,81000.0,81000.0,80000.0,1
857,1,5,3,90000.0,89000.0,89000.0,1
857,1,8,15,89000.0,89000.0,89000.0,10
857,1,8,8,90000.0,85000.0,84000.0,1
857,1,2,10,83000.0,83000.0,82000.0,1
857,1,8,7,93000.0,93000.0,93000.0,1
857,1,7,2,65000.0,65000.0,65000.0,3
857,1,8,11,82000.0,79000.0,91000.0,6
857,1,3,4,89000.0,87000.0,87000.0,5
857,1,5,4,90000.0,86000.0,86000.0,3
857,1,6,13,88000.0,87000.0,87000.0,3
857,1,5,2,114000.0,114000.0,114000.0,2
857,1,2,1,103000.0,102000.0,101000.0,1
857,1,3,6,84000.0,84000.0,83000.0,4
857,1,2,3,90000.0,90000.0,89000.0,5
857,1,8,9,81000.0,79000.0,71000.0,5
857,1,4,5,78000.0,77000.0,76000.0,5
857,1,5,4,88000.0,88000.0,88000.0,3
857,1,7,8,78000.0,77000.0,77000.0,4
857,1,5,4,77000.0,76000.0,76000.0,3
857,1,6,2,85000.0,84000.0,84000.0,5
857,1,8,8,90000.0,90000.0,89000.0,4
857,1,5,8,95000.0,94000.0,94000.0,3
857,1,6,8,89000.0,89000.0,88000.0,3
857,1,7,12,82000.0,81000.0,80000.0,5
857,1,10,11,102000.0,101000.0,101000.0,5
857,1,2,2,80000.0,79000.0,79000.0,2
857,1,2,1,77000.0,75000.0,75000.0,2
857,1,4,5,72000.0,72000.0,72000.0,3
858,3,6,16,94000.0,93000.0,93000.0,7
859,215,5,9,90000.0,85000.0,84000.0,8
859,213,10,9,92000.0,92000.0,92000.0,10
861,3,8,8,103000.0,102000.0,102000.0,8
